first_name,last_name,gender,email,phone,city,state,registration_date,customer_type
Sneha,Verma,Male,sneha.verma1@gmail.com,9433218196,Kolkata,West Bengal,2023-02-02,Regular
Rahul,Gupta,Male,rahul.gupta2@gmail.com,9386379402,Ahmedabad,Gujarat,2024-12-15,Regular
Mohit,Singh,Male,mohit.singh3@gmail.com,9116155940,Noida,Uttar Pradesh,2025-01-17,Regular
Vihaan,Mehta,Male,vihaan.mehta4@gmail.com,9495931034,Ahmedabad,Gujarat,2023-03-23,Premium
Simran,Verma,Female,simran.verma5@gmail.com,9752553419,Lucknow,Uttar Pradesh,2024-10-12,Regular
Pooja,Gupta,Male,pooja.gupta6@gmail.com,9648350305,Indore,Madhya Pradesh,2024-02-15,Regular
Rahul,Jain,Female,rahul.jain7@gmail.com,9767242388,Jaipur,Rajasthan,2023-09-27,Premium
Ayush,Jain,Female,ayush.jain8@gmail.com,9328710122,Noida,Uttar Pradesh,2025-03-22,Regular
Priya,Verma,Female,priya.verma9@gmail.com,9978480184,Chandigarh,Punjab,2025-02-26,Regular
Vihaan,Yadav,Female,vihaan.yadav10@gmail.com,9704828148,Pune,Maharashtra,2024-09-15,Regular
Karan,Singh,Male,karan.singh11@gmail.com,9570154303,Bengaluru,Karnataka,2025-06-18,Regular
Aditya,Verma,Female,aditya.verma12@gmail.com,9822782489,Mumbai,Maharashtra,2024-03-09,Premium
Khushi,Malhotra,Male,khushi.malhotra13@gmail.com,9465787133,Kolkata,West Bengal,2023-03-07,Regular
Kavya,Malhotra,Male,kavya.malhotra14@gmail.com,9301031051,Bengaluru,Karnataka,2024-06-10,Regular
Riya,Kapoor,Male,riya.kapoor15@gmail.com,9299737631,Ahmedabad,Gujarat,2023-04-10,Regular
Karan,Mehta,Female,karan.mehta16@gmail.com,9010651333,Indore,Madhya Pradesh,2024-07-03,Regular
Ayush,Singh,Female,ayush.singh17@gmail.com,9317810801,Indore,Madhya Pradesh,2025-02-10,Premium
Krishna,Mehta,Female,krishna.mehta18@gmail.com,9360260647,Indore,Madhya Pradesh,2023-10-20,Regular
Pooja,Malhotra,Female,pooja.malhotra19@gmail.com,9343098050,Pune,Maharashtra,2023-02-21,Regular
Diya,Malhotra,Male,diya.malhotra20@gmail.com,9812191361,Delhi,Delhi,2024-08-06,Regular
Priya,Sharma,Male,priya.sharma21@gmail.com,9998543534,Chandigarh,Punjab,2024-02-10,Regular
Sneha,Yadav,Female,sneha.yadav22@gmail.com,9107991183,Noida,Uttar Pradesh,2024-06-02,Regular
Khushi,Patel,Male,khushi.patel23@gmail.com,9542784980,Jaipur,Rajasthan,2024-11-14,Premium
Aman,Agarwal,Male,aman.agarwal24@gmail.com,9411824493,Pune,Maharashtra,2025-01-04,Regular
Riya,Agarwal,Female,riya.agarwal25@gmail.com,9740164005,Ahmedabad,Gujarat,2025-02-28,Regular
Mohit,Singh,Female,mohit.singh26@gmail.com,9680112805,Ahmedabad,Gujarat,2024-08-19,Regular
Ayush,Singh,Male,ayush.singh27@gmail.com,9505331586,Lucknow,Uttar Pradesh,2024-09-27,Premium
Khushi,Gupta,Male,khushi.gupta28@gmail.com,9602563421,Pune,Maharashtra,2024-01-27,Premium
Simran,Kapoor,Male,simran.kapoor29@gmail.com,9754330365,Jaipur,Rajasthan,2023-10-13,Premium
Aditi,Yadav,Female,aditi.yadav30@gmail.com,9868501429,Hyderabad,Telangana,2023-09-29,Regular
Priya,Mehta,Female,priya.mehta31@gmail.com,9569816934,Kolkata,West Bengal,2023-02-15,Premium
Aarav,Malhotra,Male,aarav.malhotra32@gmail.com,9615951484,Noida,Uttar Pradesh,2024-11-13,Regular
Rajat,Saxena,Female,rajat.saxena33@gmail.com,9236629946,Ahmedabad,Gujarat,2024-07-15,Premium
Aman,Yadav,Male,aman.yadav34@gmail.com,9995777387,Chandigarh,Punjab,2025-03-23,Premium
Ishita,Saxena,Male,ishita.saxena35@gmail.com,9148951343,Hyderabad,Telangana,2025-04-05,Regular
Aarav,Sharma,Male,aarav.sharma36@gmail.com,9917693676,Indore,Madhya Pradesh,2023-09-07,Regular
Neha,Sharma,Male,neha.sharma37@gmail.com,9328708317,Chandigarh,Punjab,2023-05-17,Premium
Riya,Malhotra,Female,riya.malhotra38@gmail.com,9986872774,Indore,Madhya Pradesh,2025-02-08,Regular
Sneha,Yadav,Female,sneha.yadav39@gmail.com,9347143455,Hyderabad,Telangana,2024-07-07,Regular
Arjun,Gupta,Female,arjun.gupta40@gmail.com,9231665876,Kolkata,West Bengal,2023-03-05,Regular
Ayush,Mehta,Male,ayush.mehta41@gmail.com,9670546688,Bengaluru,Karnataka,2025-03-30,Regular
Rohan,Kapoor,Male,rohan.kapoor42@gmail.com,9670656272,Lucknow,Uttar Pradesh,2024-09-29,Regular
Khushi,Mehta,Male,khushi.mehta43@gmail.com,9627204653,Mumbai,Maharashtra,2024-04-10,Regular
Aditi,Mehta,Female,aditi.mehta44@gmail.com,9417080531,Chandigarh,Punjab,2025-03-10,Premium
Vivaan,Sharma,Male,vivaan.sharma45@gmail.com,9092327193,Jaipur,Rajasthan,2024-04-21,Regular
Aditi,Patel,Male,aditi.patel46@gmail.com,9912419049,Bengaluru,Karnataka,2024-11-24,Premium
Rajat,Mehta,Male,rajat.mehta47@gmail.com,9931491905,Mumbai,Maharashtra,2024-06-29,Regular
Karan,Verma,Female,karan.verma48@gmail.com,9671657262,Delhi,Delhi,2025-01-21,Regular
Sneha,Yadav,Female,sneha.yadav49@gmail.com,9694531473,Indore,Madhya Pradesh,2025-02-07,Regular
Priya,Agarwal,Female,priya.agarwal50@gmail.com,9075273545,Noida,Uttar Pradesh,2023-10-14,Premium
Neha,Yadav,Male,neha.yadav51@gmail.com,9313678377,Ahmedabad,Gujarat,2024-04-03,Premium
Aditya,Yadav,Male,aditya.yadav52@gmail.com,9349578856,Chandigarh,Punjab,2025-02-02,Regular
Karan,Saxena,Female,karan.saxena53@gmail.com,9443135182,Lucknow,Uttar Pradesh,2023-07-16,Regular
Ritik,Yadav,Female,ritik.yadav54@gmail.com,9343524082,Mumbai,Maharashtra,2023-10-08,Regular
Vivaan,Malhotra,Female,vivaan.malhotra55@gmail.com,9271094777,Kolkata,West Bengal,2023-12-15,Regular
Vivaan,Yadav,Female,vivaan.yadav56@gmail.com,9167190229,Mumbai,Maharashtra,2023-11-08,Regular
Rohan,Verma,Female,rohan.verma57@gmail.com,9993867749,Bengaluru,Karnataka,2024-03-15,Regular
Priya,Sharma,Male,priya.sharma58@gmail.com,9341232812,Jaipur,Rajasthan,2023-01-03,Regular
Neha,Jain,Female,neha.jain59@gmail.com,9034471349,Lucknow,Uttar Pradesh,2024-11-08,Premium
Rahul,Mehta,Male,rahul.mehta60@gmail.com,9324210249,Ahmedabad,Gujarat,2025-02-05,Premium
Khushi,Yadav,Female,khushi.yadav61@gmail.com,9746488771,Mumbai,Maharashtra,2024-09-04,Regular
Ayush,Saxena,Female,ayush.saxena62@gmail.com,9401399049,Bengaluru,Karnataka,2023-02-11,Premium
Krishna,Kapoor,Female,krishna.kapoor63@gmail.com,9296717565,Lucknow,Uttar Pradesh,2023-11-25,Regular
Simran,Singh,Female,simran.singh64@gmail.com,9746807154,Chandigarh,Punjab,2023-11-28,Regular
Aditi,Mehta,Male,aditi.mehta65@gmail.com,9876038597,Hyderabad,Telangana,2024-10-02,Regular
Vivaan,Gupta,Female,vivaan.gupta66@gmail.com,9247710932,Ahmedabad,Gujarat,2023-11-15,Regular
Ananya,Mehta,Male,ananya.mehta67@gmail.com,9171274846,Jaipur,Rajasthan,2025-05-04,Regular
Ritik,Gupta,Female,ritik.gupta68@gmail.com,9263982146,Ahmedabad,Gujarat,2023-12-15,Premium
Diya,Yadav,Male,diya.yadav69@gmail.com,9499727875,Lucknow,Uttar Pradesh,2023-12-07,Regular
Ananya,Mehta,Female,ananya.mehta70@gmail.com,9339636057,Noida,Uttar Pradesh,2024-12-23,Premium
Rajat,Mehta,Male,rajat.mehta71@gmail.com,9028951718,Indore,Madhya Pradesh,2024-04-12,Regular
Arjun,Mehta,Male,arjun.mehta72@gmail.com,9745961586,Mumbai,Maharashtra,2023-11-21,Regular
Meera,Kapoor,Male,meera.kapoor73@gmail.com,9134316117,Bengaluru,Karnataka,2023-06-20,Regular
Meera,Sharma,Male,meera.sharma74@gmail.com,9045562386,Noida,Uttar Pradesh,2024-08-02,Regular
Krishna,Singh,Male,krishna.singh75@gmail.com,9969379237,Mumbai,Maharashtra,2024-10-15,Regular
Mohit,Agarwal,Male,mohit.agarwal76@gmail.com,9482175946,Indore,Madhya Pradesh,2024-12-07,Regular
Simran,Yadav,Male,simran.yadav77@gmail.com,9713695944,Chandigarh,Punjab,2023-01-23,Premium
Riya,Mehta,Female,riya.mehta78@gmail.com,9909743953,Delhi,Delhi,2024-10-13,Regular
Mohit,Agarwal,Male,mohit.agarwal79@gmail.com,9104709521,Hyderabad,Telangana,2023-10-30,Regular
Ayush,Singh,Male,ayush.singh80@gmail.com,9858842474,Pune,Maharashtra,2025-02-03,Premium
Ishita,Verma,Female,ishita.verma81@gmail.com,9236851604,Mumbai,Maharashtra,2024-07-03,Regular
Karan,Agarwal,Female,karan.agarwal82@gmail.com,9651370985,Bengaluru,Karnataka,2024-09-16,Regular
Aditya,Agarwal,Female,aditya.agarwal83@gmail.com,9461200471,Kolkata,West Bengal,2023-04-10,Regular
Ananya,Singh,Female,ananya.singh84@gmail.com,9586926179,Indore,Madhya Pradesh,2024-02-22,Premium
Mohit,Sharma,Female,mohit.sharma85@gmail.com,9773515850,Jaipur,Rajasthan,2024-02-12,Regular
Vihaan,Kapoor,Male,vihaan.kapoor86@gmail.com,9390053293,Hyderabad,Telangana,2023-03-12,Premium
Ananya,Gupta,Male,ananya.gupta87@gmail.com,9529042284,Jaipur,Rajasthan,2025-03-28,Regular
Riya,Sharma,Male,riya.sharma88@gmail.com,9539502402,Delhi,Delhi,2025-01-29,Regular
Vihaan,Saxena,Male,vihaan.saxena89@gmail.com,9758917839,Indore,Madhya Pradesh,2023-02-14,Premium
Khushi,Agarwal,Female,khushi.agarwal90@gmail.com,9007661771,Indore,Madhya Pradesh,2023-03-24,Regular
Arjun,Verma,Male,arjun.verma91@gmail.com,9998569847,Lucknow,Uttar Pradesh,2024-06-01,Regular
Vihaan,Saxena,Male,vihaan.saxena92@gmail.com,9836736576,Hyderabad,Telangana,2024-03-01,Premium
Yash,Mehta,Female,yash.mehta93@gmail.com,9452711116,Hyderabad,Telangana,2023-04-09,Premium
Karan,Singh,Male,karan.singh94@gmail.com,9885165604,Bengaluru,Karnataka,2024-09-06,Regular
Vihaan,Jain,Male,vihaan.jain95@gmail.com,9731585149,Pune,Maharashtra,2023-08-20,Premium
Simran,Malhotra,Male,simran.malhotra96@gmail.com,9402445502,Bengaluru,Karnataka,2025-06-09,Regular
Riya,Mehta,Male,riya.mehta97@gmail.com,9018366752,Pune,Maharashtra,2024-01-14,Regular
Yash,Jain,Male,yash.jain98@gmail.com,9229014767,Delhi,Delhi,2024-09-13,Regular
Mohit,Gupta,Male,mohit.gupta99@gmail.com,9614978403,Noida,Uttar Pradesh,2024-02-09,Premium
Vivaan,Sharma,Male,vivaan.sharma100@gmail.com,9324451076,Lucknow,Uttar Pradesh,2023-06-29,Regular
Ananya,Saxena,Male,ananya.saxena101@gmail.com,9851606071,Ahmedabad,Gujarat,2025-06-01,Regular
Ayush,Jain,Female,ayush.jain102@gmail.com,9641605297,Kolkata,West Bengal,2025-05-01,Regular
Karan,Verma,Female,karan.verma103@gmail.com,9369681645,Mumbai,Maharashtra,2023-08-15,Regular
Krishna,Verma,Male,krishna.verma104@gmail.com,9835523124,Ahmedabad,Gujarat,2023-07-22,Regular
Arjun,Agarwal,Male,arjun.agarwal105@gmail.com,9779979955,Pune,Maharashtra,2023-06-04,Regular
Ritik,Kapoor,Female,ritik.kapoor106@gmail.com,9905814770,Lucknow,Uttar Pradesh,2023-02-28,Regular
Aman,Verma,Male,aman.verma107@gmail.com,9986798079,Bengaluru,Karnataka,2024-10-29,Regular
Priya,Kapoor,Male,priya.kapoor108@gmail.com,9715182037,Delhi,Delhi,2024-03-25,Regular
Priya,Singh,Female,priya.singh109@gmail.com,9466590515,Noida,Uttar Pradesh,2023-04-07,Regular
Rajat,Yadav,Female,rajat.yadav110@gmail.com,9925192546,Kolkata,West Bengal,2023-05-13,Regular
Aditya,Yadav,Female,aditya.yadav111@gmail.com,9528168505,Hyderabad,Telangana,2023-11-13,Regular
Rahul,Patel,Female,rahul.patel112@gmail.com,9322141888,Jaipur,Rajasthan,2023-02-08,Regular
Meera,Jain,Male,meera.jain113@gmail.com,9622292706,Bengaluru,Karnataka,2024-01-09,Regular
Rohan,Kapoor,Female,rohan.kapoor114@gmail.com,9738347359,Kolkata,West Bengal,2024-03-27,Regular
Aman,Mehta,Female,aman.mehta115@gmail.com,9392407581,Pune,Maharashtra,2024-12-29,Premium
Simran,Verma,Female,simran.verma116@gmail.com,9247826137,Mumbai,Maharashtra,2023-12-24,Premium
Ayush,Sharma,Female,ayush.sharma117@gmail.com,9536153051,Ahmedabad,Gujarat,2025-05-09,Premium
Yash,Singh,Male,yash.singh118@gmail.com,9472779010,Delhi,Delhi,2023-09-20,Regular
Arjun,Malhotra,Female,arjun.malhotra119@gmail.com,9434103697,Mumbai,Maharashtra,2023-03-06,Regular
Meera,Kapoor,Male,meera.kapoor120@gmail.com,9893246095,Hyderabad,Telangana,2023-09-04,Regular
Krishna,Agarwal,Male,krishna.agarwal121@gmail.com,9518888806,Ahmedabad,Gujarat,2025-06-13,Regular
Sneha,Mehta,Female,sneha.mehta122@gmail.com,9051531952,Lucknow,Uttar Pradesh,2023-02-15,Regular
Yash,Agarwal,Male,yash.agarwal123@gmail.com,9772217043,Hyderabad,Telangana,2023-02-14,Premium
Meera,Sharma,Female,meera.sharma124@gmail.com,9868740345,Lucknow,Uttar Pradesh,2025-06-01,Premium
Simran,Agarwal,Female,simran.agarwal125@gmail.com,9156676527,Lucknow,Uttar Pradesh,2024-12-09,Regular
Khushi,Malhotra,Female,khushi.malhotra126@gmail.com,9616928451,Mumbai,Maharashtra,2023-03-23,Regular
Aman,Yadav,Female,aman.yadav127@gmail.com,9627570596,Bengaluru,Karnataka,2023-10-09,Regular
Ishita,Sharma,Male,ishita.sharma128@gmail.com,9658202970,Hyderabad,Telangana,2023-05-10,Regular
Aditi,Agarwal,Female,aditi.agarwal129@gmail.com,9690927557,Noida,Uttar Pradesh,2025-02-20,Regular
Arjun,Malhotra,Female,arjun.malhotra130@gmail.com,9543102786,Chandigarh,Punjab,2024-07-29,Regular
Aditi,Yadav,Female,aditi.yadav131@gmail.com,9947312172,Jaipur,Rajasthan,2024-12-31,Regular
Aditya,Agarwal,Female,aditya.agarwal132@gmail.com,9518844225,Hyderabad,Telangana,2024-06-04,Regular
Rahul,Singh,Male,rahul.singh133@gmail.com,9058957829,Indore,Madhya Pradesh,2023-03-30,Regular
Rajat,Saxena,Female,rajat.saxena134@gmail.com,9669125177,Ahmedabad,Gujarat,2024-11-27,Regular
Arjun,Malhotra,Male,arjun.malhotra135@gmail.com,9680182422,Pune,Maharashtra,2023-11-27,Premium
Rohan,Patel,Female,rohan.patel136@gmail.com,9438424981,Mumbai,Maharashtra,2024-05-29,Regular
Kavya,Jain,Male,kavya.jain137@gmail.com,9995900109,Pune,Maharashtra,2023-09-29,Regular
Aditi,Jain,Female,aditi.jain138@gmail.com,9078447364,Bengaluru,Karnataka,2024-04-09,Regular
Vivaan,Singh,Female,vivaan.singh139@gmail.com,9773592555,Chandigarh,Punjab,2024-02-13,Regular
Karan,Malhotra,Male,karan.malhotra140@gmail.com,9371473210,Noida,Uttar Pradesh,2023-10-25,Premium
Simran,Jain,Female,simran.jain141@gmail.com,9259532787,Jaipur,Rajasthan,2024-05-25,Premium
Ritik,Sharma,Male,ritik.sharma142@gmail.com,9873395004,Chandigarh,Punjab,2024-05-21,Regular
Nisha,Agarwal,Female,nisha.agarwal143@gmail.com,9801624565,Lucknow,Uttar Pradesh,2023-02-16,Regular
Kavya,Malhotra,Male,kavya.malhotra144@gmail.com,9841687849,Noida,Uttar Pradesh,2024-11-27,Regular
Arjun,Verma,Female,arjun.verma145@gmail.com,9585239868,Noida,Uttar Pradesh,2023-02-11,Regular
Arjun,Saxena,Female,arjun.saxena146@gmail.com,9872982595,Indore,Madhya Pradesh,2023-06-16,Regular
Priya,Saxena,Female,priya.saxena147@gmail.com,9588879470,Bengaluru,Karnataka,2024-01-13,Regular
Vihaan,Mehta,Female,vihaan.mehta148@gmail.com,9097499309,Kolkata,West Bengal,2024-05-06,Regular
Sneha,Saxena,Female,sneha.saxena149@gmail.com,9309130756,Pune,Maharashtra,2023-06-05,Regular
Rahul,Mehta,Female,rahul.mehta150@gmail.com,9028385786,Kolkata,West Bengal,2023-11-18,Premium
Ankit,Malhotra,Female,ankit.malhotra151@gmail.com,9549733484,Ahmedabad,Gujarat,2023-08-19,Premium
Aman,Yadav,Male,aman.yadav152@gmail.com,9757584419,Kolkata,West Bengal,2024-11-23,Regular
Meera,Mehta,Female,meera.mehta153@gmail.com,9404157473,Pune,Maharashtra,2023-07-26,Premium
Mohit,Malhotra,Female,mohit.malhotra154@gmail.com,9199330833,Pune,Maharashtra,2023-02-23,Regular
Yash,Saxena,Female,yash.saxena155@gmail.com,9208267734,Mumbai,Maharashtra,2023-11-25,Regular
Vivaan,Verma,Male,vivaan.verma156@gmail.com,9026206724,Ahmedabad,Gujarat,2025-06-16,Regular
Aman,Jain,Male,aman.jain157@gmail.com,9478872874,Noida,Uttar Pradesh,2023-07-17,Premium
Yash,Singh,Female,yash.singh158@gmail.com,9420549329,Hyderabad,Telangana,2025-05-26,Regular
Rajat,Mehta,Female,rajat.mehta159@gmail.com,9612275304,Mumbai,Maharashtra,2024-01-28,Regular
Aditi,Yadav,Female,aditi.yadav160@gmail.com,9990453017,Lucknow,Uttar Pradesh,2023-11-11,Regular
Riya,Malhotra,Female,riya.malhotra161@gmail.com,9145933272,Kolkata,West Bengal,2024-04-10,Premium
Priya,Patel,Female,priya.patel162@gmail.com,9878339187,Kolkata,West Bengal,2024-06-24,Premium
Aditya,Jain,Male,aditya.jain163@gmail.com,9883982258,Delhi,Delhi,2024-03-28,Regular
Rahul,Saxena,Female,rahul.saxena164@gmail.com,9870728679,Mumbai,Maharashtra,2023-03-01,Regular
Riya,Yadav,Male,riya.yadav165@gmail.com,9403910651,Chandigarh,Punjab,2024-07-08,Premium
Khushi,Verma,Female,khushi.verma166@gmail.com,9462265676,Delhi,Delhi,2024-01-20,Regular
Riya,Malhotra,Male,riya.malhotra167@gmail.com,9512868230,Hyderabad,Telangana,2025-02-13,Regular
Aman,Kapoor,Female,aman.kapoor168@gmail.com,9633752431,Ahmedabad,Gujarat,2023-02-02,Premium
Ayush,Jain,Male,ayush.jain169@gmail.com,9311907903,Jaipur,Rajasthan,2025-01-28,Regular
Ankit,Gupta,Male,ankit.gupta170@gmail.com,9284395995,Delhi,Delhi,2023-08-31,Regular
Arjun,Agarwal,Male,arjun.agarwal171@gmail.com,9440892687,Chandigarh,Punjab,2023-02-18,Premium
Sneha,Agarwal,Female,sneha.agarwal172@gmail.com,9566246287,Ahmedabad,Gujarat,2023-09-04,Premium
Aman,Saxena,Male,aman.saxena173@gmail.com,9086688263,Indore,Madhya Pradesh,2023-09-19,Regular
Sneha,Verma,Female,sneha.verma174@gmail.com,9183046990,Noida,Uttar Pradesh,2025-06-13,Regular
Ishita,Jain,Male,ishita.jain175@gmail.com,9354033173,Indore,Madhya Pradesh,2024-12-13,Regular
Rahul,Mehta,Male,rahul.mehta176@gmail.com,9546785445,Ahmedabad,Gujarat,2024-06-09,Premium
Ankit,Verma,Female,ankit.verma177@gmail.com,9355609320,Noida,Uttar Pradesh,2023-09-25,Regular
Kavya,Jain,Female,kavya.jain178@gmail.com,9235369378,Lucknow,Uttar Pradesh,2024-11-01,Premium
Yash,Yadav,Female,yash.yadav179@gmail.com,9772522872,Kolkata,West Bengal,2024-07-09,Premium
Vivaan,Malhotra,Male,vivaan.malhotra180@gmail.com,9006231203,Mumbai,Maharashtra,2024-06-01,Regular
Vivaan,Jain,Female,vivaan.jain181@gmail.com,9700886008,Hyderabad,Telangana,2025-01-09,Regular
Aman,Sharma,Female,aman.sharma182@gmail.com,9118233984,Pune,Maharashtra,2025-04-14,Regular
Ishita,Mehta,Male,ishita.mehta183@gmail.com,9679334101,Noida,Uttar Pradesh,2024-02-20,Regular
Ananya,Kapoor,Male,ananya.kapoor184@gmail.com,9021765918,Hyderabad,Telangana,2023-02-13,Regular
Meera,Saxena,Female,meera.saxena185@gmail.com,9014890250,Lucknow,Uttar Pradesh,2023-08-01,Regular
Aditi,Saxena,Female,aditi.saxena186@gmail.com,9429396856,Mumbai,Maharashtra,2025-02-12,Premium
Ishita,Saxena,Male,ishita.saxena187@gmail.com,9501631599,Ahmedabad,Gujarat,2024-09-01,Regular
Aditi,Patel,Male,aditi.patel188@gmail.com,9477358662,Hyderabad,Telangana,2024-11-27,Regular
Rajat,Verma,Female,rajat.verma189@gmail.com,9114262655,Jaipur,Rajasthan,2023-04-20,Regular
Aman,Kapoor,Female,aman.kapoor190@gmail.com,9121267888,Lucknow,Uttar Pradesh,2024-02-22,Regular
Aditya,Patel,Male,aditya.patel191@gmail.com,9956046618,Bengaluru,Karnataka,2023-09-06,Regular
Krishna,Agarwal,Female,krishna.agarwal192@gmail.com,9244472126,Pune,Maharashtra,2023-10-10,Regular
Ritik,Verma,Female,ritik.verma193@gmail.com,9379937124,Lucknow,Uttar Pradesh,2023-01-07,Premium
Yash,Jain,Female,yash.jain194@gmail.com,9756924593,Noida,Uttar Pradesh,2024-05-05,Regular
Rajat,Patel,Female,rajat.patel195@gmail.com,9793564651,Kolkata,West Bengal,2024-07-31,Regular
Ananya,Singh,Male,ananya.singh196@gmail.com,9737416724,Kolkata,West Bengal,2023-09-05,Regular
Arjun,Saxena,Female,arjun.saxena197@gmail.com,9179796886,Chandigarh,Punjab,2024-07-10,Regular
Karan,Saxena,Male,karan.saxena198@gmail.com,9352909656,Mumbai,Maharashtra,2023-04-19,Regular
Mohit,Gupta,Male,mohit.gupta199@gmail.com,9567982507,Indore,Madhya Pradesh,2023-04-18,Regular
Khushi,Verma,Male,khushi.verma200@gmail.com,9254573875,Kolkata,West Bengal,2024-05-02,Regular
Pooja,Saxena,Female,pooja.saxena201@gmail.com,9140105123,Noida,Uttar Pradesh,2024-06-12,Regular
Krishna,Patel,Female,krishna.patel202@gmail.com,9362266093,Indore,Madhya Pradesh,2024-04-05,Regular
Rajat,Sharma,Male,rajat.sharma203@gmail.com,9419182553,Jaipur,Rajasthan,2024-04-13,Regular
Riya,Kapoor,Female,riya.kapoor204@gmail.com,9696915579,Bengaluru,Karnataka,2023-06-26,Premium
Neha,Yadav,Male,neha.yadav205@gmail.com,9251341252,Hyderabad,Telangana,2024-06-07,Regular
Priya,Singh,Female,priya.singh206@gmail.com,9278282742,Chandigarh,Punjab,2023-07-11,Regular
Ankit,Jain,Male,ankit.jain207@gmail.com,9072368876,Noida,Uttar Pradesh,2024-12-02,Regular
Neha,Kapoor,Female,neha.kapoor208@gmail.com,9190340438,Pune,Maharashtra,2023-10-23,Regular
Ankit,Jain,Female,ankit.jain209@gmail.com,9819148580,Ahmedabad,Gujarat,2025-02-17,Premium
Ananya,Gupta,Female,ananya.gupta210@gmail.com,9340745171,Mumbai,Maharashtra,2025-03-05,Premium
Rahul,Saxena,Female,rahul.saxena211@gmail.com,9962923309,Kolkata,West Bengal,2023-12-26,Regular
Priya,Malhotra,Male,priya.malhotra212@gmail.com,9449481260,Noida,Uttar Pradesh,2023-10-11,Premium
Arjun,Saxena,Male,arjun.saxena213@gmail.com,9253672946,Jaipur,Rajasthan,2024-01-20,Regular
Sneha,Verma,Female,sneha.verma214@gmail.com,9457759017,Ahmedabad,Gujarat,2024-10-12,Regular
Karan,Verma,Female,karan.verma215@gmail.com,9637454589,Jaipur,Rajasthan,2023-05-14,Regular
Ritik,Patel,Male,ritik.patel216@gmail.com,9170127706,Delhi,Delhi,2023-07-27,Premium
Khushi,Singh,Female,khushi.singh217@gmail.com,9415415206,Pune,Maharashtra,2024-10-02,Regular
Neha,Gupta,Female,neha.gupta218@gmail.com,9110371293,Hyderabad,Telangana,2024-06-15,Regular
Aarav,Sharma,Female,aarav.sharma219@gmail.com,9627136111,Mumbai,Maharashtra,2023-11-17,Regular
Aman,Singh,Female,aman.singh220@gmail.com,9218909275,Pune,Maharashtra,2025-01-09,Regular
Pooja,Singh,Female,pooja.singh221@gmail.com,9731121965,Bengaluru,Karnataka,2024-03-15,Regular
Arjun,Gupta,Female,arjun.gupta222@gmail.com,9138999404,Hyderabad,Telangana,2023-07-30,Regular
Diya,Gupta,Female,diya.gupta223@gmail.com,9037613791,Lucknow,Uttar Pradesh,2024-06-24,Premium
Aarav,Patel,Female,aarav.patel224@gmail.com,9696582710,Pune,Maharashtra,2024-08-24,Regular
Mohit,Gupta,Male,mohit.gupta225@gmail.com,9684866618,Delhi,Delhi,2024-07-04,Regular
Mohit,Verma,Female,mohit.verma226@gmail.com,9832856914,Mumbai,Maharashtra,2024-12-16,Regular
Simran,Gupta,Male,simran.gupta227@gmail.com,9161799042,Jaipur,Rajasthan,2023-05-03,Regular
Arjun,Saxena,Male,arjun.saxena228@gmail.com,9758842524,Pune,Maharashtra,2025-01-20,Premium
Aditi,Sharma,Female,aditi.sharma229@gmail.com,9481491778,Chandigarh,Punjab,2024-01-04,Regular
Simran,Jain,Male,simran.jain230@gmail.com,9241913800,Noida,Uttar Pradesh,2025-05-29,Premium
Rohan,Sharma,Female,rohan.sharma231@gmail.com,9622086353,Noida,Uttar Pradesh,2024-03-02,Premium
Yash,Yadav,Male,yash.yadav232@gmail.com,9518023806,Bengaluru,Karnataka,2023-03-12,Premium
Simran,Yadav,Female,simran.yadav233@gmail.com,9187053494,Noida,Uttar Pradesh,2025-01-27,Regular
Ankit,Patel,Female,ankit.patel234@gmail.com,9832060385,Jaipur,Rajasthan,2024-10-13,Premium
Meera,Sharma,Female,meera.sharma235@gmail.com,9641383670,Delhi,Delhi,2023-05-26,Premium
Aditya,Sharma,Male,aditya.sharma236@gmail.com,9657191826,Ahmedabad,Gujarat,2023-03-18,Regular
Vivaan,Mehta,Male,vivaan.mehta237@gmail.com,9445655743,Jaipur,Rajasthan,2023-03-18,Premium
Arjun,Jain,Male,arjun.jain238@gmail.com,9127756185,Pune,Maharashtra,2025-02-27,Regular
Aman,Kapoor,Female,aman.kapoor239@gmail.com,9124903521,Mumbai,Maharashtra,2024-12-29,Regular
Karan,Mehta,Male,karan.mehta240@gmail.com,9442067883,Hyderabad,Telangana,2023-04-07,Regular
Ishita,Singh,Male,ishita.singh241@gmail.com,9032365199,Delhi,Delhi,2023-09-23,Premium
Aditya,Sharma,Male,aditya.sharma242@gmail.com,9721510702,Jaipur,Rajasthan,2024-08-10,Regular
Pooja,Mehta,Female,pooja.mehta243@gmail.com,9662532447,Delhi,Delhi,2023-06-02,Regular
Priya,Jain,Male,priya.jain244@gmail.com,9476870146,Hyderabad,Telangana,2023-05-21,Regular
Sneha,Malhotra,Male,sneha.malhotra245@gmail.com,9806578759,Hyderabad,Telangana,2024-05-29,Regular
Mohit,Singh,Male,mohit.singh246@gmail.com,9930407859,Noida,Uttar Pradesh,2023-08-27,Premium
Vihaan,Gupta,Male,vihaan.gupta247@gmail.com,9803965223,Lucknow,Uttar Pradesh,2024-08-29,Regular
Pooja,Saxena,Female,pooja.saxena248@gmail.com,9059929378,Bengaluru,Karnataka,2023-11-13,Regular
Vivaan,Verma,Male,vivaan.verma249@gmail.com,9930870593,Jaipur,Rajasthan,2025-04-05,Regular
Neha,Singh,Female,neha.singh250@gmail.com,9029218515,Delhi,Delhi,2024-12-22,Premium
Rajat,Jain,Male,rajat.jain251@gmail.com,9452267528,Noida,Uttar Pradesh,2024-12-11,Premium
Priya,Patel,Male,priya.patel252@gmail.com,9926442209,Hyderabad,Telangana,2024-02-05,Premium
Aditi,Jain,Male,aditi.jain253@gmail.com,9959391725,Pune,Maharashtra,2025-02-02,Regular
Karan,Patel,Male,karan.patel254@gmail.com,9157043315,Hyderabad,Telangana,2023-09-20,Premium
Pooja,Sharma,Male,pooja.sharma255@gmail.com,9762676586,Chandigarh,Punjab,2023-04-14,Premium
Ishita,Jain,Male,ishita.jain256@gmail.com,9710405411,Pune,Maharashtra,2023-12-17,Regular
Rajat,Singh,Male,rajat.singh257@gmail.com,9159970629,Ahmedabad,Gujarat,2024-03-20,Regular
Vihaan,Patel,Male,vihaan.patel258@gmail.com,9688444310,Jaipur,Rajasthan,2024-02-07,Regular
Nisha,Kapoor,Male,nisha.kapoor259@gmail.com,9506149731,Delhi,Delhi,2023-01-27,Regular
Sneha,Yadav,Male,sneha.yadav260@gmail.com,9146774186,Indore,Madhya Pradesh,2023-07-09,Regular
Rajat,Patel,Male,rajat.patel261@gmail.com,9047743490,Indore,Madhya Pradesh,2023-06-04,Premium
Riya,Verma,Male,riya.verma262@gmail.com,9586938068,Hyderabad,Telangana,2024-03-04,Premium
Riya,Kapoor,Male,riya.kapoor263@gmail.com,9416089899,Indore,Madhya Pradesh,2023-05-31,Regular
Aditi,Kapoor,Male,aditi.kapoor264@gmail.com,9332061632,Pune,Maharashtra,2025-05-04,Regular
Yash,Saxena,Male,yash.saxena265@gmail.com,9686854870,Mumbai,Maharashtra,2025-03-16,Premium
Kavya,Malhotra,Female,kavya.malhotra266@gmail.com,9622999119,Mumbai,Maharashtra,2025-03-09,Regular
Aman,Malhotra,Female,aman.malhotra267@gmail.com,9467997024,Chandigarh,Punjab,2024-02-17,Regular
Priya,Agarwal,Female,priya.agarwal268@gmail.com,9653074505,Delhi,Delhi,2025-04-17,Premium
Aman,Yadav,Female,aman.yadav269@gmail.com,9132475469,Kolkata,West Bengal,2024-10-23,Regular
Ankit,Gupta,Female,ankit.gupta270@gmail.com,9785082148,Kolkata,West Bengal,2024-02-18,Regular
Simran,Malhotra,Male,simran.malhotra271@gmail.com,9330307053,Pune,Maharashtra,2023-10-08,Regular
Ankit,Malhotra,Female,ankit.malhotra272@gmail.com,9103579727,Hyderabad,Telangana,2024-08-23,Regular
Karan,Singh,Female,karan.singh273@gmail.com,9140602933,Kolkata,West Bengal,2024-10-24,Regular
Rahul,Yadav,Female,rahul.yadav274@gmail.com,9007229034,Ahmedabad,Gujarat,2024-09-14,Premium
Aman,Saxena,Female,aman.saxena275@gmail.com,9657437489,Chandigarh,Punjab,2024-02-11,Regular
Aarav,Malhotra,Female,aarav.malhotra276@gmail.com,9994417154,Ahmedabad,Gujarat,2024-10-17,Regular
Mohit,Yadav,Female,mohit.yadav277@gmail.com,9283096520,Jaipur,Rajasthan,2024-11-02,Regular
Aman,Yadav,Female,aman.yadav278@gmail.com,9609935387,Chandigarh,Punjab,2024-11-18,Regular
Aman,Singh,Male,aman.singh279@gmail.com,9172482513,Lucknow,Uttar Pradesh,2023-12-30,Regular
Simran,Yadav,Female,simran.yadav280@gmail.com,9549471709,Noida,Uttar Pradesh,2024-08-17,Premium
Aditya,Kapoor,Male,aditya.kapoor281@gmail.com,9168460223,Ahmedabad,Gujarat,2023-12-17,Regular
Kavya,Kapoor,Male,kavya.kapoor282@gmail.com,9217525007,Noida,Uttar Pradesh,2023-10-08,Regular
Aditi,Singh,Male,aditi.singh283@gmail.com,9129666676,Indore,Madhya Pradesh,2023-01-05,Regular
Rahul,Saxena,Female,rahul.saxena284@gmail.com,9583003354,Delhi,Delhi,2023-05-13,Regular
Diya,Jain,Female,diya.jain285@gmail.com,9104478985,Pune,Maharashtra,2024-03-20,Premium
Arjun,Patel,Female,arjun.patel286@gmail.com,9326033230,Noida,Uttar Pradesh,2024-08-26,Regular
Vihaan,Patel,Male,vihaan.patel287@gmail.com,9489090100,Chandigarh,Punjab,2024-12-07,Regular
Ankit,Mehta,Male,ankit.mehta288@gmail.com,9472304618,Ahmedabad,Gujarat,2023-10-04,Regular
Neha,Singh,Female,neha.singh289@gmail.com,9891411739,Mumbai,Maharashtra,2023-07-24,Premium
Nisha,Malhotra,Male,nisha.malhotra290@gmail.com,9642087375,Noida,Uttar Pradesh,2023-08-29,Regular
Riya,Verma,Male,riya.verma291@gmail.com,9721811437,Bengaluru,Karnataka,2023-10-31,Regular
Vivaan,Verma,Male,vivaan.verma292@gmail.com,9455611002,Delhi,Delhi,2024-11-10,Regular
Yash,Patel,Female,yash.patel293@gmail.com,9415521667,Bengaluru,Karnataka,2023-10-06,Premium
Neha,Kapoor,Female,neha.kapoor294@gmail.com,9212021697,Hyderabad,Telangana,2025-04-01,Regular
Ankit,Singh,Female,ankit.singh295@gmail.com,9902771670,Noida,Uttar Pradesh,2023-03-06,Regular
Yash,Sharma,Male,yash.sharma296@gmail.com,9588916375,Hyderabad,Telangana,2024-11-10,Regular
Rajat,Singh,Male,rajat.singh297@gmail.com,9287721753,Delhi,Delhi,2023-12-05,Premium
Vivaan,Malhotra,Male,vivaan.malhotra298@gmail.com,9663177971,Ahmedabad,Gujarat,2025-05-27,Regular
Yash,Verma,Female,yash.verma299@gmail.com,9016608801,Kolkata,West Bengal,2025-03-21,Regular
Priya,Agarwal,Female,priya.agarwal300@gmail.com,9837550375,Ahmedabad,Gujarat,2024-07-27,Premium
Priya,Kapoor,Female,priya.kapoor301@gmail.com,9711305548,Kolkata,West Bengal,2024-06-18,Regular
Vihaan,Sharma,Male,vihaan.sharma302@gmail.com,9261493316,Indore,Madhya Pradesh,2023-08-09,Regular
Ishita,Gupta,Female,ishita.gupta303@gmail.com,9609177982,Mumbai,Maharashtra,2024-05-25,Regular
Pooja,Sharma,Female,pooja.sharma304@gmail.com,9782922169,Bengaluru,Karnataka,2024-09-12,Premium
Diya,Mehta,Female,diya.mehta305@gmail.com,9346547226,Bengaluru,Karnataka,2024-09-08,Premium
Pooja,Malhotra,Female,pooja.malhotra306@gmail.com,9858333945,Kolkata,West Bengal,2024-11-19,Regular
Neha,Agarwal,Male,neha.agarwal307@gmail.com,9851587996,Ahmedabad,Gujarat,2024-11-21,Premium
Nisha,Malhotra,Female,nisha.malhotra308@gmail.com,9081062003,Chandigarh,Punjab,2023-10-01,Premium
Krishna,Yadav,Female,krishna.yadav309@gmail.com,9043805719,Pune,Maharashtra,2025-06-07,Regular
Ananya,Gupta,Female,ananya.gupta310@gmail.com,9840666580,Jaipur,Rajasthan,2023-01-14,Premium
Rahul,Jain,Female,rahul.jain311@gmail.com,9598933472,Jaipur,Rajasthan,2024-11-30,Regular
Krishna,Saxena,Male,krishna.saxena312@gmail.com,9064842294,Chandigarh,Punjab,2023-01-06,Regular
Neha,Singh,Male,neha.singh313@gmail.com,9590947985,Pune,Maharashtra,2023-03-16,Premium
Yash,Malhotra,Male,yash.malhotra314@gmail.com,9818268861,Pune,Maharashtra,2023-12-24,Regular
Rahul,Agarwal,Female,rahul.agarwal315@gmail.com,9543987801,Noida,Uttar Pradesh,2024-11-15,Regular
Rohan,Agarwal,Male,rohan.agarwal316@gmail.com,9561648408,Delhi,Delhi,2025-04-21,Premium
Diya,Malhotra,Female,diya.malhotra317@gmail.com,9043581128,Indore,Madhya Pradesh,2024-06-30,Regular
Aditya,Gupta,Male,aditya.gupta318@gmail.com,9613861207,Hyderabad,Telangana,2025-01-04,Regular
Aditya,Verma,Male,aditya.verma319@gmail.com,9481934667,Pune,Maharashtra,2024-10-07,Regular
Yash,Sharma,Female,yash.sharma320@gmail.com,9180919015,Hyderabad,Telangana,2024-05-29,Regular
Ishita,Agarwal,Female,ishita.agarwal321@gmail.com,9147660728,Bengaluru,Karnataka,2023-08-14,Regular
Rajat,Malhotra,Female,rajat.malhotra322@gmail.com,9245088210,Hyderabad,Telangana,2023-01-06,Regular
Rajat,Malhotra,Male,rajat.malhotra323@gmail.com,9353682223,Lucknow,Uttar Pradesh,2024-09-23,Premium
Rahul,Verma,Male,rahul.verma324@gmail.com,9908781414,Hyderabad,Telangana,2023-04-11,Regular
Kavya,Kapoor,Female,kavya.kapoor325@gmail.com,9231491357,Noida,Uttar Pradesh,2024-04-06,Regular
Riya,Yadav,Male,riya.yadav326@gmail.com,9955620533,Bengaluru,Karnataka,2024-12-30,Premium
Ayush,Yadav,Female,ayush.yadav327@gmail.com,9577754781,Pune,Maharashtra,2023-06-29,Regular
Aditya,Yadav,Male,aditya.yadav328@gmail.com,9341108099,Ahmedabad,Gujarat,2024-02-19,Premium
Rahul,Sharma,Female,rahul.sharma329@gmail.com,9872563942,Ahmedabad,Gujarat,2024-04-20,Regular
Aditya,Mehta,Female,aditya.mehta330@gmail.com,9039282722,Ahmedabad,Gujarat,2024-08-02,Premium
Riya,Singh,Female,riya.singh331@gmail.com,9037314530,Noida,Uttar Pradesh,2024-11-15,Regular
Khushi,Patel,Female,khushi.patel332@gmail.com,9700518449,Indore,Madhya Pradesh,2024-07-11,Regular
Rajat,Agarwal,Female,rajat.agarwal333@gmail.com,9918463865,Noida,Uttar Pradesh,2025-04-16,Premium
Ritik,Kapoor,Male,ritik.kapoor334@gmail.com,9272318432,Ahmedabad,Gujarat,2023-07-11,Regular
Priya,Saxena,Male,priya.saxena335@gmail.com,9365177739,Hyderabad,Telangana,2023-06-15,Regular
Ayush,Sharma,Male,ayush.sharma336@gmail.com,9299228092,Delhi,Delhi,2023-02-27,Regular
Khushi,Singh,Female,khushi.singh337@gmail.com,9904137977,Bengaluru,Karnataka,2023-06-24,Regular
Ayush,Jain,Male,ayush.jain338@gmail.com,9298425799,Bengaluru,Karnataka,2023-03-12,Regular
Rajat,Singh,Male,rajat.singh339@gmail.com,9388629127,Delhi,Delhi,2024-09-21,Regular
Meera,Malhotra,Male,meera.malhotra340@gmail.com,9729806865,Mumbai,Maharashtra,2025-06-14,Regular
Diya,Mehta,Male,diya.mehta341@gmail.com,9659916247,Indore,Madhya Pradesh,2025-02-23,Regular
Simran,Verma,Female,simran.verma342@gmail.com,9864300981,Bengaluru,Karnataka,2024-06-16,Regular
Sneha,Gupta,Female,sneha.gupta343@gmail.com,9512694486,Chandigarh,Punjab,2024-08-01,Regular
Mohit,Agarwal,Female,mohit.agarwal344@gmail.com,9688725887,Jaipur,Rajasthan,2023-09-17,Premium
Kavya,Patel,Female,kavya.patel345@gmail.com,9213721386,Kolkata,West Bengal,2025-03-15,Regular
Ananya,Jain,Male,ananya.jain346@gmail.com,9601279611,Pune,Maharashtra,2023-09-27,Regular
Aditya,Jain,Male,aditya.jain347@gmail.com,9669849027,Kolkata,West Bengal,2024-03-25,Regular
Simran,Agarwal,Female,simran.agarwal348@gmail.com,9098839205,Jaipur,Rajasthan,2023-09-02,Regular
Krishna,Verma,Female,krishna.verma349@gmail.com,9566938011,Chandigarh,Punjab,2024-07-16,Regular
Nisha,Malhotra,Female,nisha.malhotra350@gmail.com,9439376904,Noida,Uttar Pradesh,2023-06-29,Regular
Vihaan,Malhotra,Male,vihaan.malhotra351@gmail.com,9451848947,Ahmedabad,Gujarat,2024-01-22,Regular
Aditi,Gupta,Female,aditi.gupta352@gmail.com,9790714163,Indore,Madhya Pradesh,2024-11-24,Premium
Ishita,Patel,Female,ishita.patel353@gmail.com,9880434165,Noida,Uttar Pradesh,2023-03-19,Regular
Krishna,Kapoor,Female,krishna.kapoor354@gmail.com,9394237333,Noida,Uttar Pradesh,2025-06-12,Regular
Rohan,Gupta,Male,rohan.gupta355@gmail.com,9521117908,Bengaluru,Karnataka,2023-02-13,Premium
Karan,Jain,Female,karan.jain356@gmail.com,9947284639,Indore,Madhya Pradesh,2023-05-12,Regular
Ishita,Mehta,Female,ishita.mehta357@gmail.com,9085627187,Ahmedabad,Gujarat,2023-11-20,Regular
Aarav,Agarwal,Male,aarav.agarwal358@gmail.com,9915594284,Chandigarh,Punjab,2023-08-31,Regular
Priya,Patel,Female,priya.patel359@gmail.com,9763655647,Pune,Maharashtra,2023-07-04,Regular
Kavya,Agarwal,Male,kavya.agarwal360@gmail.com,9438663227,Mumbai,Maharashtra,2025-04-05,Regular
Ayush,Kapoor,Male,ayush.kapoor361@gmail.com,9885744890,Hyderabad,Telangana,2024-02-12,Regular
Krishna,Sharma,Male,krishna.sharma362@gmail.com,9717545588,Lucknow,Uttar Pradesh,2025-04-09,Regular
Aarav,Mehta,Male,aarav.mehta363@gmail.com,9939982455,Noida,Uttar Pradesh,2024-11-20,Regular
Aditi,Saxena,Female,aditi.saxena364@gmail.com,9694722569,Mumbai,Maharashtra,2024-08-08,Regular
Khushi,Verma,Male,khushi.verma365@gmail.com,9535544964,Pune,Maharashtra,2024-03-31,Premium
Karan,Saxena,Female,karan.saxena366@gmail.com,9220234132,Chandigarh,Punjab,2024-02-11,Regular
Aditya,Kapoor,Male,aditya.kapoor367@gmail.com,9681149216,Delhi,Delhi,2023-11-13,Regular
Pooja,Yadav,Female,pooja.yadav368@gmail.com,9228200557,Hyderabad,Telangana,2024-04-23,Premium
Ananya,Yadav,Female,ananya.yadav369@gmail.com,9829979688,Pune,Maharashtra,2023-11-14,Premium
Ritik,Malhotra,Male,ritik.malhotra370@gmail.com,9745642400,Mumbai,Maharashtra,2024-06-19,Premium
Simran,Singh,Female,simran.singh371@gmail.com,9780774064,Lucknow,Uttar Pradesh,2024-09-03,Regular
Aarav,Malhotra,Female,aarav.malhotra372@gmail.com,9686632663,Jaipur,Rajasthan,2023-09-27,Regular
Sneha,Gupta,Female,sneha.gupta373@gmail.com,9846312241,Lucknow,Uttar Pradesh,2024-10-14,Regular
Ankit,Yadav,Female,ankit.yadav374@gmail.com,9502080214,Jaipur,Rajasthan,2023-10-03,Regular
Ankit,Saxena,Male,ankit.saxena375@gmail.com,9120735647,Jaipur,Rajasthan,2024-01-16,Regular
Ishita,Sharma,Female,ishita.sharma376@gmail.com,9204618723,Mumbai,Maharashtra,2025-05-11,Regular
Rajat,Sharma,Male,rajat.sharma377@gmail.com,9367303718,Kolkata,West Bengal,2024-11-12,Premium
Ritik,Mehta,Female,ritik.mehta378@gmail.com,9208814743,Noida,Uttar Pradesh,2024-01-05,Premium
Simran,Agarwal,Male,simran.agarwal379@gmail.com,9365024916,Mumbai,Maharashtra,2025-03-19,Regular
Vivaan,Jain,Female,vivaan.jain380@gmail.com,9925132719,Kolkata,West Bengal,2023-12-13,Premium
Aditi,Agarwal,Male,aditi.agarwal381@gmail.com,9528127358,Delhi,Delhi,2025-03-18,Regular
Karan,Kapoor,Male,karan.kapoor382@gmail.com,9652407784,Delhi,Delhi,2024-07-09,Regular
Rahul,Jain,Male,rahul.jain383@gmail.com,9557498218,Ahmedabad,Gujarat,2023-06-08,Regular
Nisha,Yadav,Female,nisha.yadav384@gmail.com,9086209593,Indore,Madhya Pradesh,2023-11-25,Premium
Riya,Malhotra,Female,riya.malhotra385@gmail.com,9878294565,Jaipur,Rajasthan,2023-04-24,Regular
Riya,Verma,Male,riya.verma386@gmail.com,9203173109,Pune,Maharashtra,2024-10-19,Premium
Riya,Kapoor,Female,riya.kapoor387@gmail.com,9539103717,Delhi,Delhi,2025-03-31,Regular
Karan,Malhotra,Female,karan.malhotra388@gmail.com,9094801413,Noida,Uttar Pradesh,2024-06-15,Regular
Pooja,Gupta,Female,pooja.gupta389@gmail.com,9383928861,Jaipur,Rajasthan,2025-02-23,Regular
Karan,Agarwal,Female,karan.agarwal390@gmail.com,9612286852,Kolkata,West Bengal,2024-06-30,Premium
Ankit,Patel,Female,ankit.patel391@gmail.com,9556659398,Ahmedabad,Gujarat,2023-08-08,Regular
Ananya,Saxena,Female,ananya.saxena392@gmail.com,9776004908,Noida,Uttar Pradesh,2023-05-19,Premium
Aman,Sharma,Female,aman.sharma393@gmail.com,9350488899,Jaipur,Rajasthan,2023-06-08,Regular
Ankit,Patel,Male,ankit.patel394@gmail.com,9459334419,Pune,Maharashtra,2024-02-14,Regular
Rahul,Saxena,Male,rahul.saxena395@gmail.com,9572791940,Kolkata,West Bengal,2025-01-18,Premium
Rajat,Verma,Male,rajat.verma396@gmail.com,9566139060,Noida,Uttar Pradesh,2023-11-09,Regular
Yash,Malhotra,Male,yash.malhotra397@gmail.com,9832067998,Noida,Uttar Pradesh,2023-04-03,Regular
Aman,Mehta,Male,aman.mehta398@gmail.com,9517908641,Pune,Maharashtra,2024-02-13,Regular
Aditi,Saxena,Male,aditi.saxena399@gmail.com,9783769389,Pune,Maharashtra,2025-01-23,Regular
Rohan,Verma,Female,rohan.verma400@gmail.com,9591166553,Chandigarh,Punjab,2023-11-25,Regular
Sneha,Sharma,Female,sneha.sharma401@gmail.com,9597927033,Pune,Maharashtra,2024-12-02,Regular
Aditi,Saxena,Male,aditi.saxena402@gmail.com,9039240514,Mumbai,Maharashtra,2024-04-05,Regular
Yash,Gupta,Male,yash.gupta403@gmail.com,9884879206,Jaipur,Rajasthan,2024-08-19,Premium
Diya,Sharma,Female,diya.sharma404@gmail.com,9043940701,Pune,Maharashtra,2024-02-02,Regular
Riya,Agarwal,Female,riya.agarwal405@gmail.com,9046368157,Mumbai,Maharashtra,2025-06-06,Regular
Aditya,Singh,Male,aditya.singh406@gmail.com,9780038457,Ahmedabad,Gujarat,2024-02-07,Premium
Aarav,Patel,Female,aarav.patel407@gmail.com,9438404608,Noida,Uttar Pradesh,2023-10-14,Regular
Yash,Mehta,Male,yash.mehta408@gmail.com,9689363926,Mumbai,Maharashtra,2023-11-16,Premium
Yash,Kapoor,Male,yash.kapoor409@gmail.com,9298324826,Jaipur,Rajasthan,2025-02-27,Regular
Khushi,Jain,Male,khushi.jain410@gmail.com,9188125205,Noida,Uttar Pradesh,2024-02-28,Premium
Aman,Kapoor,Female,aman.kapoor411@gmail.com,9312209949,Pune,Maharashtra,2024-08-03,Regular
Priya,Gupta,Male,priya.gupta412@gmail.com,9051728975,Hyderabad,Telangana,2023-07-08,Premium
Ritik,Kapoor,Male,ritik.kapoor413@gmail.com,9330604633,Pune,Maharashtra,2025-02-14,Regular
Krishna,Kapoor,Female,krishna.kapoor414@gmail.com,9573660965,Kolkata,West Bengal,2024-02-08,Regular
Pooja,Jain,Male,pooja.jain415@gmail.com,9177038860,Ahmedabad,Gujarat,2024-07-25,Regular
Aditi,Agarwal,Male,aditi.agarwal416@gmail.com,9476447264,Jaipur,Rajasthan,2024-09-19,Premium
Neha,Malhotra,Male,neha.malhotra417@gmail.com,9718129826,Indore,Madhya Pradesh,2024-02-28,Regular
Aarav,Singh,Female,aarav.singh418@gmail.com,9371452111,Bengaluru,Karnataka,2024-12-24,Regular
Karan,Verma,Female,karan.verma419@gmail.com,9892686025,Kolkata,West Bengal,2024-08-02,Premium
Simran,Singh,Male,simran.singh420@gmail.com,9206447421,Pune,Maharashtra,2023-05-15,Premium
Aarav,Jain,Female,aarav.jain421@gmail.com,9777809733,Delhi,Delhi,2024-08-25,Regular
Ankit,Mehta,Female,ankit.mehta422@gmail.com,9990384983,Mumbai,Maharashtra,2023-02-20,Regular
Vivaan,Agarwal,Female,vivaan.agarwal423@gmail.com,9209945101,Delhi,Delhi,2024-03-02,Premium
Krishna,Agarwal,Female,krishna.agarwal424@gmail.com,9998279501,Bengaluru,Karnataka,2025-02-25,Regular
Karan,Mehta,Male,karan.mehta425@gmail.com,9814721458,Chandigarh,Punjab,2024-02-28,Regular
Neha,Gupta,Male,neha.gupta426@gmail.com,9981794695,Mumbai,Maharashtra,2023-09-23,Regular
Priya,Patel,Male,priya.patel427@gmail.com,9978772934,Bengaluru,Karnataka,2023-07-18,Regular
Aarav,Kapoor,Male,aarav.kapoor428@gmail.com,9396605583,Kolkata,West Bengal,2023-01-12,Regular
Neha,Yadav,Female,neha.yadav429@gmail.com,9448850155,Mumbai,Maharashtra,2024-02-10,Premium
Priya,Sharma,Male,priya.sharma430@gmail.com,9557702727,Jaipur,Rajasthan,2025-06-04,Regular
Yash,Kapoor,Female,yash.kapoor431@gmail.com,9084958803,Kolkata,West Bengal,2024-08-14,Regular
Ishita,Patel,Male,ishita.patel432@gmail.com,9405682996,Pune,Maharashtra,2023-07-11,Regular
Simran,Yadav,Female,simran.yadav433@gmail.com,9046173574,Kolkata,West Bengal,2023-08-10,Regular
Krishna,Verma,Female,krishna.verma434@gmail.com,9317807823,Delhi,Delhi,2023-12-15,Premium
Pooja,Malhotra,Female,pooja.malhotra435@gmail.com,9218230768,Noida,Uttar Pradesh,2023-04-29,Regular
Khushi,Sharma,Male,khushi.sharma436@gmail.com,9701840943,Noida,Uttar Pradesh,2023-11-25,Regular
Aman,Yadav,Female,aman.yadav437@gmail.com,9142241098,Indore,Madhya Pradesh,2024-06-10,Regular
Ananya,Patel,Female,ananya.patel438@gmail.com,9249321495,Lucknow,Uttar Pradesh,2024-07-07,Regular
Arjun,Sharma,Female,arjun.sharma439@gmail.com,9016016629,Hyderabad,Telangana,2024-08-29,Regular
Neha,Saxena,Female,neha.saxena440@gmail.com,9545381792,Bengaluru,Karnataka,2023-04-06,Premium
Khushi,Saxena,Female,khushi.saxena441@gmail.com,9747733294,Mumbai,Maharashtra,2024-01-08,Regular
Neha,Agarwal,Female,neha.agarwal442@gmail.com,9770171577,Noida,Uttar Pradesh,2025-05-16,Regular
Aditi,Patel,Male,aditi.patel443@gmail.com,9161581487,Ahmedabad,Gujarat,2024-02-15,Regular
Rohan,Jain,Male,rohan.jain444@gmail.com,9276153966,Ahmedabad,Gujarat,2024-08-03,Premium
Ananya,Saxena,Male,ananya.saxena445@gmail.com,9197199758,Pune,Maharashtra,2023-04-10,Premium
Krishna,Yadav,Female,krishna.yadav446@gmail.com,9919657013,Mumbai,Maharashtra,2025-04-16,Regular
Kavya,Agarwal,Male,kavya.agarwal447@gmail.com,9278469973,Pune,Maharashtra,2023-07-30,Regular
Yash,Yadav,Female,yash.yadav448@gmail.com,9519098624,Chandigarh,Punjab,2023-03-05,Regular
Ananya,Sharma,Male,ananya.sharma449@gmail.com,9851403696,Kolkata,West Bengal,2024-10-02,Regular
Rajat,Mehta,Female,rajat.mehta450@gmail.com,9832723865,Chandigarh,Punjab,2025-05-10,Regular
Aman,Agarwal,Male,aman.agarwal451@gmail.com,9010276212,Pune,Maharashtra,2024-10-19,Premium
Simran,Kapoor,Female,simran.kapoor452@gmail.com,9278687653,Bengaluru,Karnataka,2023-07-10,Regular
Aarav,Jain,Female,aarav.jain453@gmail.com,9384689500,Kolkata,West Bengal,2024-08-04,Regular
Karan,Verma,Female,karan.verma454@gmail.com,9128478189,Kolkata,West Bengal,2023-04-01,Regular
Sneha,Saxena,Male,sneha.saxena455@gmail.com,9894905807,Hyderabad,Telangana,2024-04-09,Regular
Ritik,Jain,Female,ritik.jain456@gmail.com,9544209494,Chandigarh,Punjab,2023-03-04,Regular
Kavya,Singh,Male,kavya.singh457@gmail.com,9490471281,Hyderabad,Telangana,2025-05-21,Premium
Mohit,Singh,Female,mohit.singh458@gmail.com,9401929275,Lucknow,Uttar Pradesh,2025-04-07,Regular
Ishita,Saxena,Male,ishita.saxena459@gmail.com,9280512927,Indore,Madhya Pradesh,2025-02-09,Premium
Aditi,Mehta,Male,aditi.mehta460@gmail.com,9723950410,Hyderabad,Telangana,2023-06-21,Regular
Ritik,Yadav,Female,ritik.yadav461@gmail.com,9836674286,Kolkata,West Bengal,2023-01-13,Regular
Ishita,Kapoor,Female,ishita.kapoor462@gmail.com,9580185694,Hyderabad,Telangana,2023-12-10,Regular
Ishita,Verma,Female,ishita.verma463@gmail.com,9967393852,Hyderabad,Telangana,2023-11-17,Regular
Riya,Sharma,Male,riya.sharma464@gmail.com,9618175344,Delhi,Delhi,2023-07-17,Regular
Priya,Verma,Male,priya.verma465@gmail.com,9391119269,Bengaluru,Karnataka,2025-04-02,Premium
Meera,Verma,Male,meera.verma466@gmail.com,9471746542,Lucknow,Uttar Pradesh,2025-03-10,Regular
Aditi,Sharma,Female,aditi.sharma467@gmail.com,9504427173,Chandigarh,Punjab,2024-09-16,Regular
Sneha,Kapoor,Male,sneha.kapoor468@gmail.com,9863917410,Pune,Maharashtra,2023-03-16,Regular
Pooja,Yadav,Female,pooja.yadav469@gmail.com,9720064256,Delhi,Delhi,2024-08-11,Regular
Neha,Kapoor,Female,neha.kapoor470@gmail.com,9618306719,Chandigarh,Punjab,2024-07-02,Premium
Karan,Patel,Female,karan.patel471@gmail.com,9015851743,Chandigarh,Punjab,2023-06-30,Regular
Rajat,Agarwal,Male,rajat.agarwal472@gmail.com,9615717320,Lucknow,Uttar Pradesh,2023-07-17,Regular
Kavya,Gupta,Female,kavya.gupta473@gmail.com,9184787005,Chandigarh,Punjab,2023-02-27,Regular
Pooja,Sharma,Female,pooja.sharma474@gmail.com,9387829310,Mumbai,Maharashtra,2025-01-23,Regular
Sneha,Sharma,Female,sneha.sharma475@gmail.com,9032020417,Bengaluru,Karnataka,2024-09-17,Regular
Kavya,Verma,Male,kavya.verma476@gmail.com,9799313656,Mumbai,Maharashtra,2023-11-29,Regular
Riya,Jain,Male,riya.jain477@gmail.com,9309251142,Noida,Uttar Pradesh,2025-02-14,Regular
Neha,Patel,Male,neha.patel478@gmail.com,9390219620,Indore,Madhya Pradesh,2025-06-19,Regular
Aarav,Sharma,Male,aarav.sharma479@gmail.com,9946723248,Mumbai,Maharashtra,2024-04-06,Regular
Krishna,Jain,Male,krishna.jain480@gmail.com,9279145608,Bengaluru,Karnataka,2023-08-30,Regular
Diya,Verma,Female,diya.verma481@gmail.com,9837340312,Ahmedabad,Gujarat,2024-12-02,Premium
Khushi,Kapoor,Female,khushi.kapoor482@gmail.com,9200543645,Pune,Maharashtra,2024-09-23,Premium
Aditi,Kapoor,Male,aditi.kapoor483@gmail.com,9082207811,Mumbai,Maharashtra,2023-08-29,Premium
Kavya,Jain,Female,kavya.jain484@gmail.com,9353153136,Chandigarh,Punjab,2025-06-09,Regular
Meera,Gupta,Male,meera.gupta485@gmail.com,9970623972,Indore,Madhya Pradesh,2024-02-01,Regular
Ankit,Saxena,Male,ankit.saxena486@gmail.com,9543520904,Hyderabad,Telangana,2023-05-20,Regular
Ankit,Kapoor,Female,ankit.kapoor487@gmail.com,9534929298,Pune,Maharashtra,2025-05-25,Regular
Ayush,Malhotra,Female,ayush.malhotra488@gmail.com,9977406335,Jaipur,Rajasthan,2024-03-20,Regular
Meera,Jain,Male,meera.jain489@gmail.com,9060078068,Bengaluru,Karnataka,2024-02-08,Regular
Ishita,Saxena,Male,ishita.saxena490@gmail.com,9731806325,Indore,Madhya Pradesh,2023-10-30,Regular
Aditya,Sharma,Female,aditya.sharma491@gmail.com,9427990772,Hyderabad,Telangana,2025-06-14,Premium
Krishna,Patel,Female,krishna.patel492@gmail.com,9016580464,Kolkata,West Bengal,2024-12-15,Premium
Ananya,Jain,Male,ananya.jain493@gmail.com,9195085016,Hyderabad,Telangana,2024-01-10,Regular
Vivaan,Patel,Female,vivaan.patel494@gmail.com,9818325381,Pune,Maharashtra,2024-10-26,Regular
Aditi,Jain,Male,aditi.jain495@gmail.com,9355486401,Kolkata,West Bengal,2024-01-17,Regular
Ritik,Malhotra,Male,ritik.malhotra496@gmail.com,9884795137,Indore,Madhya Pradesh,2023-03-31,Regular
Meera,Singh,Female,meera.singh497@gmail.com,9124127238,Mumbai,Maharashtra,2024-10-04,Regular
Ayush,Agarwal,Male,ayush.agarwal498@gmail.com,9567043103,Indore,Madhya Pradesh,2025-05-04,Premium
Sneha,Patel,Female,sneha.patel499@gmail.com,9557988774,Bengaluru,Karnataka,2024-08-03,Regular
Ishita,Yadav,Male,ishita.yadav500@gmail.com,9375402547,Lucknow,Uttar Pradesh,2023-06-20,Regular
