order_id,payment_date,payment_method,payment_status
1,2023-07-17,UPI,Completed
2,2024-12-26,COD,Completed
3,2024-02-26,UPI,Completed
4,2023-10-17,Debit Card,Completed
5,2023-05-10,Debit Card,Pending
6,2024-03-28,UPI,Completed
7,2023-05-08,UPI,Completed
8,2025-03-31,COD,Completed
9,2023-09-21,COD,Completed
10,2025-01-02,Debit Card,Completed
11,2024-12-07,Debit Card,Completed
12,2023-08-18,UPI,Completed
13,2023-06-10,Debit Card,Completed
14,2024-12-26,COD,Completed
15,2025-05-05,Net Banking,Completed
16,2025-04-25,Debit Card,Completed
17,2024-12-02,COD,Completed
18,2023-10-03,Credit Card,Pending
19,2023-10-09,UPI,Completed
20,2023-08-04,UPI,Completed
21,2024-09-06,Net Banking,Failed
22,2024-03-12,Credit Card,Completed
23,2024-05-25,Debit Card,Completed
24,2024-10-18,Debit Card,Pending
25,2023-07-16,UPI,Pending
26,2024-12-18,Credit Card,Completed
27,2024-01-29,Credit Card,Completed
28,2025-01-21,UPI,Failed
29,2023-07-26,UPI,Completed
30,2023-09-04,COD,Pending
31,2023-03-24,Debit Card,Completed
32,2023-09-26,Debit Card,Completed
33,2025-06-13,COD,Completed
34,2023-04-30,Debit Card,Completed
35,2024-01-12,COD,Failed
36,2023-06-17,Debit Card,Completed
37,2025-06-05,UPI,Completed
38,2024-11-14,UPI,Completed
39,2024-04-29,UPI,Completed
40,2025-05-28,COD,Completed
41,2025-01-24,UPI,Pending
42,2023-03-16,Credit Card,Completed
43,2023-03-26,UPI,Completed
44,2024-09-01,Net Banking,Pending
45,2023-02-02,Credit Card,Completed
46,2025-01-13,Net Banking,Completed
47,2025-04-08,COD,Completed
48,2024-02-16,COD,Completed
49,2023-10-04,Credit Card,Completed
50,2024-09-05,UPI,Completed
51,2025-02-26,UPI,Completed
52,2023-04-04,Credit Card,Completed
53,2024-04-03,Debit Card,Completed
54,2023-07-30,Debit Card,Completed
55,2024-09-03,Debit Card,Completed
56,2025-03-18,COD,Completed
57,2025-02-10,UPI,Completed
58,2023-06-13,Credit Card,Failed
59,2025-02-15,Debit Card,Completed
60,2024-01-02,Net Banking,Failed
61,2023-11-22,Debit Card,Completed
62,2024-03-11,Net Banking,Completed
63,2025-01-24,COD,Completed
64,2025-01-29,COD,Completed
65,2025-04-27,Debit Card,Completed
66,2024-12-31,UPI,Completed
67,2024-04-27,Net Banking,Completed
68,2023-04-07,Debit Card,Completed
69,2024-08-29,UPI,Completed
70,2024-12-31,COD,Completed
71,2024-11-27,COD,Pending
72,2024-10-19,Debit Card,Completed
73,2023-01-23,UPI,Completed
74,2023-03-25,Credit Card,Completed
75,2024-09-02,Credit Card,Completed
76,2023-10-13,Debit Card,Completed
77,2024-01-05,COD,Completed
78,2025-04-19,COD,Completed
79,2024-09-13,Credit Card,Completed
80,2023-11-10,Credit Card,Completed
81,2023-07-23,Credit Card,Completed
82,2024-12-10,Credit Card,Completed
83,2024-02-10,COD,Completed
84,2024-06-09,Debit Card,Pending
85,2023-12-17,Debit Card,Completed
86,2023-09-21,UPI,Completed
87,2025-05-16,UPI,Pending
88,2023-10-05,UPI,Completed
89,2024-09-01,UPI,Completed
90,2025-01-29,UPI,Completed
91,2024-11-25,Credit Card,Completed
92,2024-04-30,UPI,Completed
93,2024-09-15,Credit Card,Completed
94,2024-08-17,Net Banking,Completed
95,2025-01-08,Credit Card,Completed
96,2023-08-18,Credit Card,Completed
97,2024-09-26,Net Banking,Completed
98,2023-01-19,COD,Completed
99,2025-05-11,UPI,Completed
100,2023-02-26,UPI,Completed
101,2023-01-06,Credit Card,Failed
102,2025-03-22,Credit Card,Completed
103,2024-09-02,Debit Card,Completed
104,2024-04-24,Credit Card,Pending
105,2025-04-26,UPI,Completed
106,2024-05-24,UPI,Pending
107,2023-10-23,Net Banking,Completed
108,2023-12-12,UPI,Completed
109,2025-01-15,COD,Completed
110,2023-08-06,UPI,Completed
111,2024-09-15,UPI,Completed
112,2024-11-11,UPI,Completed
113,2023-07-01,UPI,Completed
114,2024-10-30,UPI,Completed
115,2023-07-09,Credit Card,Completed
116,2023-04-14,UPI,Pending
117,2025-03-23,COD,Completed
118,2025-01-12,Debit Card,Completed
119,2024-11-19,Net Banking,Completed
120,2025-01-26,Credit Card,Completed
121,2024-06-26,Debit Card,Failed
122,2023-08-06,UPI,Completed
123,2023-01-11,UPI,Pending
124,2024-12-31,Debit Card,Completed
125,2023-06-21,UPI,Completed
126,2025-05-11,COD,Completed
127,2023-12-01,Debit Card,Completed
128,2023-05-26,UPI,Completed
129,2024-09-30,UPI,Completed
130,2023-06-01,COD,Pending
131,2023-11-02,UPI,Completed
132,2025-01-10,UPI,Pending
133,2025-02-09,Credit Card,Completed
134,2024-08-05,Credit Card,Completed
135,2025-03-12,UPI,Completed
136,2023-01-01,UPI,Completed
137,2024-11-10,Credit Card,Completed
138,2025-05-20,UPI,Completed
139,2024-04-19,Credit Card,Completed
140,2025-04-05,Debit Card,Completed
141,2023-03-27,Credit Card,Pending
142,2023-01-01,Credit Card,Failed
143,2024-09-26,Debit Card,Completed
144,2023-05-18,UPI,Completed
145,2024-09-02,Net Banking,Completed
146,2023-11-01,Credit Card,Completed
147,2024-12-25,Debit Card,Completed
148,2024-12-07,Net Banking,Completed
149,2023-08-23,Net Banking,Completed
150,2023-10-21,Debit Card,Completed
151,2024-03-29,Credit Card,Completed
152,2025-06-01,Debit Card,Completed
153,2023-05-07,Credit Card,Completed
154,2025-05-17,Debit Card,Completed
155,2025-02-18,COD,Completed
156,2024-08-15,COD,Completed
157,2023-03-12,UPI,Completed
158,2023-02-09,COD,Completed
159,2023-01-04,UPI,Completed
160,2023-05-28,Credit Card,Failed
161,2024-01-11,Net Banking,Completed
162,2023-08-16,Net Banking,Completed
163,2023-07-12,Credit Card,Completed
164,2024-06-17,COD,Completed
165,2024-08-20,Debit Card,Completed
166,2025-03-20,Credit Card,Completed
167,2025-05-11,UPI,Completed
168,2023-10-05,UPI,Completed
169,2023-01-09,Net Banking,Completed
170,2024-05-02,Credit Card,Failed
171,2023-11-25,Credit Card,Completed
172,2024-02-18,UPI,Completed
173,2023-06-01,Credit Card,Completed
174,2025-03-29,COD,Completed
175,2023-03-26,UPI,Completed
176,2023-12-15,UPI,Failed
177,2024-02-15,Debit Card,Completed
178,2025-04-29,Credit Card,Completed
179,2023-11-01,UPI,Completed
180,2023-02-27,Credit Card,Completed
181,2025-06-15,COD,Completed
182,2024-05-25,Credit Card,Completed
183,2023-09-30,UPI,Completed
184,2023-03-06,COD,Completed
185,2024-10-04,COD,Completed
186,2024-01-26,COD,Completed
187,2024-03-02,UPI,Completed
188,2024-09-07,COD,Completed
189,2023-12-19,Credit Card,Completed
190,2023-11-20,Debit Card,Completed
191,2024-01-08,UPI,Completed
192,2023-01-01,Credit Card,Completed
193,2023-08-17,UPI,Completed
194,2025-05-11,Credit Card,Pending
195,2023-11-24,UPI,Completed
196,2024-10-05,Credit Card,Completed
197,2023-12-17,UPI,Completed
198,2023-02-10,Credit Card,Completed
199,2024-08-14,Credit Card,Completed
200,2023-07-08,Net Banking,Completed
201,2023-07-29,Net Banking,Completed
202,2025-03-24,COD,Completed
203,2023-05-25,Net Banking,Completed
204,2025-03-04,UPI,Completed
205,2024-04-07,Credit Card,Completed
206,2024-09-17,Net Banking,Completed
207,2024-02-02,Debit Card,Completed
208,2023-04-04,Net Banking,Completed
209,2023-04-09,COD,Completed
210,2025-05-15,Credit Card,Completed
211,2023-08-06,COD,Completed
212,2024-08-05,Debit Card,Completed
213,2025-01-03,Debit Card,Completed
214,2024-01-21,Net Banking,Completed
215,2025-02-22,Debit Card,Completed
216,2023-09-16,Net Banking,Failed
217,2023-11-17,COD,Completed
218,2023-12-29,Credit Card,Completed
219,2023-11-26,Credit Card,Completed
220,2023-04-26,UPI,Pending
221,2024-10-15,Credit Card,Completed
222,2023-02-25,COD,Completed
223,2025-04-06,UPI,Completed
224,2025-04-18,Debit Card,Completed
225,2024-01-13,UPI,Completed
226,2024-05-14,UPI,Pending
227,2024-12-22,UPI,Completed
228,2024-06-02,UPI,Completed
229,2024-08-23,Debit Card,Completed
230,2024-05-05,Net Banking,Completed
231,2024-04-26,UPI,Pending
232,2023-01-08,UPI,Completed
233,2024-11-18,Net Banking,Completed
234,2023-08-02,UPI,Completed
235,2025-05-03,Net Banking,Completed
236,2023-02-02,UPI,Completed
237,2025-05-30,Debit Card,Completed
238,2025-02-06,UPI,Completed
239,2024-09-07,UPI,Completed
240,2024-09-08,UPI,Completed
241,2023-09-28,Net Banking,Completed
242,2024-08-29,COD,Completed
243,2023-01-19,UPI,Completed
244,2023-09-18,UPI,Completed
245,2023-05-14,Debit Card,Completed
246,2023-10-31,Credit Card,Completed
247,2023-11-17,COD,Completed
248,2024-04-22,Debit Card,Completed
249,2024-03-21,Debit Card,Completed
250,2025-02-06,Debit Card,Failed
251,2023-09-13,Debit Card,Completed
252,2024-11-14,COD,Completed
253,2024-02-21,Debit Card,Completed
254,2024-09-18,Debit Card,Completed
255,2024-05-17,UPI,Completed
256,2024-02-27,Debit Card,Completed
257,2023-09-17,Credit Card,Completed
258,2023-03-18,Debit Card,Completed
259,2024-04-27,UPI,Failed
260,2024-02-12,Debit Card,Completed
261,2024-02-26,Debit Card,Completed
262,2023-06-23,UPI,Completed
263,2025-04-21,UPI,Completed
264,2023-11-28,Net Banking,Pending
265,2024-04-19,Debit Card,Completed
266,2023-10-17,Net Banking,Completed
267,2023-04-15,UPI,Completed
268,2023-07-07,Credit Card,Completed
269,2024-07-05,UPI,Completed
270,2023-07-10,Net Banking,Completed
271,2023-02-12,COD,Completed
272,2023-03-28,UPI,Completed
273,2023-02-13,Debit Card,Completed
274,2025-05-29,Debit Card,Completed
275,2025-04-03,Debit Card,Completed
276,2025-06-17,Credit Card,Completed
277,2025-06-02,Net Banking,Completed
278,2024-04-25,Debit Card,Completed
279,2023-10-03,Net Banking,Completed
280,2024-01-16,UPI,Completed
281,2025-03-08,Debit Card,Completed
282,2023-06-16,Debit Card,Completed
283,2023-11-24,Debit Card,Completed
284,2025-05-10,Debit Card,Completed
285,2023-10-04,COD,Completed
286,2024-03-23,UPI,Completed
287,2024-06-18,UPI,Pending
288,2024-07-31,UPI,Completed
289,2024-05-13,Credit Card,Completed
290,2023-12-08,COD,Failed
291,2023-12-16,UPI,Completed
292,2024-03-15,UPI,Completed
293,2023-01-15,Net Banking,Completed
294,2023-11-16,COD,Completed
295,2023-03-09,UPI,Completed
296,2023-03-17,UPI,Completed
297,2023-07-29,COD,Completed
298,2025-01-16,UPI,Completed
299,2024-10-06,UPI,Completed
300,2023-10-06,Credit Card,Completed
301,2024-09-03,Debit Card,Completed
302,2023-05-18,COD,Completed
303,2023-07-08,COD,Completed
304,2023-09-06,Debit Card,Completed
305,2024-05-17,Credit Card,Completed
306,2024-11-21,Credit Card,Completed
307,2024-02-08,Credit Card,Completed
308,2025-04-16,UPI,Completed
309,2024-02-10,Debit Card,Completed
310,2024-08-18,Credit Card,Pending
311,2024-05-10,Debit Card,Completed
312,2024-11-05,UPI,Completed
313,2024-09-04,Debit Card,Completed
314,2023-09-17,Credit Card,Completed
315,2023-07-18,Credit Card,Failed
316,2024-12-11,Credit Card,Completed
317,2025-01-06,Debit Card,Completed
318,2025-05-29,UPI,Completed
319,2023-07-10,Debit Card,Completed
320,2023-07-30,UPI,Completed
321,2024-12-19,COD,Completed
322,2023-11-27,COD,Completed
323,2023-01-28,COD,Pending
324,2024-07-13,Net Banking,Completed
325,2024-01-15,Net Banking,Completed
326,2023-02-22,UPI,Completed
327,2023-05-05,Credit Card,Completed
328,2024-10-14,Net Banking,Completed
329,2024-04-20,COD,Completed
330,2023-01-18,Net Banking,Completed
331,2023-04-07,Credit Card,Pending
332,2023-03-16,UPI,Completed
333,2023-07-08,Net Banking,Pending
334,2024-12-27,UPI,Completed
335,2024-12-06,Debit Card,Completed
336,2024-01-19,UPI,Completed
337,2024-08-21,UPI,Completed
338,2024-07-24,Credit Card,Completed
339,2025-04-11,Debit Card,Completed
340,2023-01-11,Credit Card,Completed
341,2024-05-24,UPI,Completed
342,2025-02-27,UPI,Completed
343,2023-08-03,Debit Card,Completed
344,2024-09-09,Net Banking,Completed
345,2024-05-04,Credit Card,Pending
346,2023-02-10,Credit Card,Completed
347,2023-10-18,UPI,Completed
348,2025-02-28,UPI,Completed
349,2024-07-20,UPI,Completed
350,2024-01-19,UPI,Pending
351,2025-01-26,Net Banking,Pending
352,2023-04-18,Credit Card,Pending
353,2024-11-11,Net Banking,Completed
354,2023-04-18,Credit Card,Completed
355,2025-01-27,Debit Card,Pending
356,2023-05-18,UPI,Completed
357,2024-01-11,Net Banking,Failed
358,2024-04-08,UPI,Completed
359,2024-08-17,Credit Card,Pending
360,2023-08-20,Credit Card,Completed
361,2024-03-02,Net Banking,Completed
362,2023-08-25,Credit Card,Completed
363,2023-02-22,UPI,Completed
364,2025-03-18,UPI,Completed
365,2024-07-28,COD,Completed
366,2023-07-25,Net Banking,Completed
367,2024-07-31,UPI,Completed
368,2023-03-22,UPI,Completed
369,2024-12-11,UPI,Completed
370,2024-06-07,Credit Card,Completed
371,2024-08-03,UPI,Completed
372,2024-03-19,UPI,Completed
373,2025-01-21,COD,Completed
374,2023-09-28,UPI,Failed
375,2024-12-29,UPI,Completed
376,2025-01-15,Debit Card,Completed
377,2025-02-06,UPI,Completed
378,2025-05-29,UPI,Completed
379,2025-02-07,UPI,Completed
380,2025-05-08,Credit Card,Completed
381,2024-03-27,UPI,Completed
382,2023-08-14,Net Banking,Completed
383,2023-06-26,UPI,Completed
384,2023-07-04,UPI,Completed
385,2023-01-22,Credit Card,Completed
386,2024-03-19,Credit Card,Completed
387,2023-04-27,Credit Card,Completed
388,2024-03-22,UPI,Completed
389,2024-12-29,Debit Card,Completed
390,2025-01-03,Net Banking,Completed
391,2023-09-24,UPI,Completed
392,2025-01-01,UPI,Completed
393,2024-02-14,Debit Card,Completed
394,2025-03-08,UPI,Completed
395,2024-02-09,Net Banking,Completed
396,2023-08-15,Debit Card,Completed
397,2023-07-31,UPI,Completed
398,2023-09-15,Debit Card,Completed
399,2024-11-25,Debit Card,Completed
400,2023-08-08,Debit Card,Completed
401,2023-05-29,Net Banking,Completed
402,2023-04-21,UPI,Completed
403,2024-02-18,Net Banking,Completed
404,2024-12-26,Debit Card,Completed
405,2024-03-05,UPI,Completed
406,2024-05-20,Debit Card,Completed
407,2023-06-07,Credit Card,Completed
408,2024-07-01,Credit Card,Completed
409,2024-12-27,Net Banking,Completed
410,2024-07-16,Credit Card,Failed
411,2024-12-01,UPI,Pending
412,2024-05-05,Debit Card,Completed
413,2024-01-11,UPI,Completed
414,2023-12-03,Debit Card,Completed
415,2025-02-08,UPI,Completed
416,2024-10-22,COD,Completed
417,2023-04-27,Debit Card,Pending
418,2025-03-22,Credit Card,Completed
419,2023-09-29,UPI,Completed
420,2024-09-07,COD,Completed
421,2024-06-28,UPI,Completed
422,2024-08-03,Debit Card,Completed
423,2023-11-16,UPI,Completed
424,2023-03-18,Credit Card,Completed
425,2023-08-14,Credit Card,Completed
426,2024-06-01,Credit Card,Failed
427,2023-07-22,Credit Card,Pending
428,2024-01-02,Debit Card,Completed
429,2024-08-13,UPI,Completed
430,2024-07-12,COD,Completed
431,2025-03-18,Credit Card,Completed
432,2024-09-21,UPI,Completed
433,2023-12-29,Debit Card,Pending
434,2023-10-02,Debit Card,Completed
435,2024-07-24,Debit Card,Completed
436,2024-07-14,UPI,Completed
437,2024-06-19,Credit Card,Completed
438,2023-12-08,UPI,Completed
439,2024-07-01,COD,Completed
440,2023-05-08,Credit Card,Completed
441,2023-04-10,UPI,Failed
442,2023-10-11,Credit Card,Completed
443,2024-09-21,Debit Card,Pending
444,2023-08-14,Credit Card,Completed
445,2025-02-16,Credit Card,Completed
446,2023-10-17,Credit Card,Completed
447,2024-10-29,UPI,Completed
448,2023-04-09,UPI,Completed
449,2024-03-07,Debit Card,Pending
450,2023-09-03,COD,Failed
451,2024-10-13,Debit Card,Completed
452,2024-03-17,UPI,Completed
453,2024-05-01,Debit Card,Completed
454,2025-02-18,Debit Card,Completed
455,2024-07-26,UPI,Completed
456,2025-01-06,UPI,Completed
457,2023-09-11,COD,Completed
458,2025-06-01,UPI,Completed
459,2025-04-29,Credit Card,Completed
460,2025-02-25,COD,Completed
461,2024-07-13,UPI,Completed
462,2025-02-19,Credit Card,Completed
463,2025-01-23,Debit Card,Pending
464,2024-12-13,UPI,Completed
465,2024-02-12,COD,Completed
466,2023-11-16,UPI,Completed
467,2023-04-15,Credit Card,Completed
468,2023-06-06,Debit Card,Completed
469,2025-02-22,Credit Card,Completed
470,2024-07-21,Credit Card,Completed
471,2024-02-29,UPI,Completed
472,2025-03-24,Credit Card,Failed
473,2025-06-07,UPI,Completed
474,2023-05-11,Credit Card,Completed
475,2025-03-04,UPI,Completed
476,2024-09-09,Debit Card,Completed
477,2024-03-31,UPI,Completed
478,2024-02-16,Debit Card,Completed
479,2024-01-03,UPI,Failed
480,2024-07-09,Net Banking,Completed
481,2023-09-22,Debit Card,Completed
482,2023-12-10,UPI,Completed
483,2024-04-10,COD,Completed
484,2025-01-18,Credit Card,Completed
485,2023-09-14,UPI,Completed
486,2024-07-28,Debit Card,Completed
487,2025-02-24,COD,Completed
488,2024-05-04,UPI,Pending
489,2024-05-17,UPI,Completed
490,2024-03-31,Debit Card,Completed
491,2025-01-31,COD,Completed
492,2023-01-24,Debit Card,Completed
493,2024-10-27,UPI,Completed
494,2023-10-09,Debit Card,Completed
495,2024-01-01,Debit Card,Completed
496,2024-11-30,Debit Card,Completed
497,2023-08-22,UPI,Completed
498,2025-02-13,UPI,Completed
499,2023-07-15,Debit Card,Completed
500,2024-05-20,UPI,Completed
501,2025-06-16,UPI,Completed
502,2023-09-02,Credit Card,Completed
503,2023-10-16,UPI,Completed
504,2023-08-07,UPI,Completed
505,2024-07-06,Debit Card,Completed
506,2023-06-28,UPI,Completed
507,2024-01-22,Credit Card,Completed
508,2024-09-12,UPI,Completed
509,2023-06-20,Debit Card,Completed
510,2024-10-11,Credit Card,Completed
511,2024-12-27,UPI,Completed
512,2023-10-20,Net Banking,Completed
513,2023-11-20,Debit Card,Completed
514,2023-07-12,Credit Card,Completed
515,2024-07-25,Credit Card,Completed
516,2023-01-06,UPI,Completed
517,2024-11-02,Net Banking,Completed
518,2025-02-24,UPI,Completed
519,2023-04-10,Debit Card,Completed
520,2023-08-23,Debit Card,Pending
521,2024-05-16,Debit Card,Completed
522,2023-11-26,UPI,Failed
523,2023-04-29,Credit Card,Completed
524,2023-09-06,Debit Card,Completed
525,2023-03-01,UPI,Pending
526,2024-10-11,UPI,Completed
527,2024-07-12,Credit Card,Completed
528,2025-06-16,Credit Card,Completed
529,2023-02-01,UPI,Pending
530,2023-06-01,Debit Card,Pending
531,2023-01-22,COD,Completed
532,2024-02-15,COD,Completed
533,2024-05-18,UPI,Failed
534,2024-09-30,UPI,Completed
535,2025-03-28,UPI,Completed
536,2025-05-13,Net Banking,Completed
537,2025-06-11,UPI,Completed
538,2023-08-23,COD,Completed
539,2024-10-25,UPI,Failed
540,2025-04-23,COD,Completed
541,2023-08-07,Credit Card,Completed
542,2024-05-14,Credit Card,Completed
543,2023-08-07,UPI,Completed
544,2025-06-15,Credit Card,Pending
545,2023-09-24,Credit Card,Failed
546,2023-11-24,Credit Card,Completed
547,2024-02-21,COD,Completed
548,2023-05-25,COD,Completed
549,2025-02-23,Debit Card,Completed
550,2023-05-05,Credit Card,Completed
551,2025-05-26,Net Banking,Completed
552,2024-05-29,COD,Completed
553,2023-02-21,UPI,Completed
554,2024-12-21,UPI,Pending
555,2023-06-03,COD,Completed
556,2023-10-17,Credit Card,Completed
557,2024-01-12,COD,Pending
558,2024-05-11,UPI,Completed
559,2024-08-09,Credit Card,Completed
560,2023-12-05,UPI,Completed
561,2024-03-15,COD,Completed
562,2024-08-24,COD,Completed
563,2023-03-02,Debit Card,Completed
564,2024-11-06,COD,Completed
565,2023-06-16,Credit Card,Completed
566,2025-05-11,UPI,Completed
567,2025-03-22,Debit Card,Completed
568,2025-04-27,Credit Card,Completed
569,2024-04-13,Debit Card,Completed
570,2023-12-26,COD,Completed
571,2024-01-29,COD,Failed
572,2024-08-16,Net Banking,Completed
573,2024-05-18,Credit Card,Completed
574,2023-07-24,Debit Card,Completed
575,2024-10-13,COD,Failed
576,2024-01-13,UPI,Completed
577,2023-05-22,COD,Completed
578,2024-05-14,Debit Card,Completed
579,2023-03-26,UPI,Pending
580,2025-06-11,Credit Card,Completed
581,2023-08-11,UPI,Completed
582,2024-02-13,Credit Card,Completed
583,2024-12-13,UPI,Completed
584,2024-02-07,COD,Completed
585,2024-08-23,Debit Card,Pending
586,2023-10-22,COD,Completed
587,2023-10-12,UPI,Pending
588,2025-05-17,UPI,Completed
589,2023-05-09,UPI,Failed
590,2024-07-21,Net Banking,Completed
591,2023-11-12,UPI,Pending
592,2025-06-10,Debit Card,Pending
593,2024-05-19,Debit Card,Completed
594,2025-01-29,COD,Completed
595,2025-04-02,Credit Card,Completed
596,2025-05-23,COD,Completed
597,2025-01-23,COD,Completed
598,2023-06-17,COD,Completed
599,2023-08-31,Debit Card,Completed
600,2023-11-11,COD,Completed
601,2024-05-12,UPI,Completed
602,2023-05-12,Credit Card,Completed
603,2023-01-11,COD,Pending
604,2024-10-07,UPI,Completed
605,2024-03-28,Net Banking,Completed
606,2024-03-27,Debit Card,Completed
607,2024-05-14,Net Banking,Completed
608,2024-01-30,UPI,Pending
609,2025-04-22,Credit Card,Completed
610,2023-10-24,Debit Card,Completed
611,2023-11-19,Debit Card,Completed
612,2023-02-12,UPI,Failed
613,2024-03-11,UPI,Completed
614,2024-03-09,Debit Card,Completed
615,2024-07-04,UPI,Completed
616,2024-01-31,UPI,Pending
617,2024-12-28,Credit Card,Completed
618,2024-07-17,Debit Card,Completed
619,2024-01-18,Credit Card,Completed
620,2024-05-31,COD,Completed
621,2023-08-17,Credit Card,Pending
622,2023-07-19,COD,Completed
623,2023-07-12,UPI,Completed
624,2025-03-29,Credit Card,Completed
625,2024-11-10,UPI,Completed
626,2025-04-11,Credit Card,Completed
627,2024-11-21,COD,Completed
628,2023-09-21,COD,Completed
629,2023-11-26,UPI,Completed
630,2024-05-07,COD,Completed
631,2023-12-16,UPI,Completed
632,2024-02-11,Credit Card,Failed
633,2023-01-18,Credit Card,Completed
634,2023-01-26,UPI,Completed
635,2023-03-24,Net Banking,Completed
636,2024-10-08,Credit Card,Completed
637,2025-02-23,Credit Card,Pending
638,2024-05-23,UPI,Completed
639,2024-03-19,Credit Card,Completed
640,2023-05-21,UPI,Failed
641,2025-04-10,UPI,Completed
642,2023-08-13,Debit Card,Pending
643,2024-06-03,Credit Card,Completed
644,2025-02-26,Debit Card,Completed
645,2025-02-04,Credit Card,Completed
646,2023-07-24,Net Banking,Completed
647,2023-12-20,Credit Card,Completed
648,2023-05-04,UPI,Completed
649,2023-08-30,UPI,Completed
650,2024-02-05,Debit Card,Completed
651,2024-07-25,Net Banking,Completed
652,2023-09-07,UPI,Completed
653,2023-05-26,Debit Card,Completed
654,2024-08-03,UPI,Completed
655,2024-10-23,Credit Card,Completed
656,2024-11-23,Credit Card,Completed
657,2025-04-28,UPI,Failed
658,2023-10-07,UPI,Pending
659,2023-07-01,UPI,Completed
660,2023-09-05,COD,Completed
661,2023-11-07,Debit Card,Completed
662,2025-04-29,Net Banking,Completed
663,2023-01-09,Debit Card,Completed
664,2025-04-13,UPI,Completed
665,2024-08-24,UPI,Completed
666,2024-12-20,COD,Completed
667,2024-06-14,Debit Card,Completed
668,2024-02-16,Debit Card,Completed
669,2024-12-19,UPI,Completed
670,2025-03-24,UPI,Pending
671,2023-04-09,Credit Card,Completed
672,2023-04-20,UPI,Pending
673,2025-02-12,Debit Card,Completed
674,2024-01-22,UPI,Completed
675,2023-05-27,UPI,Completed
676,2023-10-06,Credit Card,Completed
677,2024-11-18,Debit Card,Completed
678,2024-06-20,Debit Card,Completed
679,2023-02-28,COD,Completed
680,2023-11-11,Debit Card,Completed
681,2025-04-19,Debit Card,Completed
682,2025-01-13,Debit Card,Completed
683,2025-05-25,Credit Card,Completed
684,2024-04-28,Credit Card,Failed
685,2023-01-21,Credit Card,Completed
686,2023-07-19,UPI,Completed
687,2024-01-18,COD,Completed
688,2024-04-02,Debit Card,Pending
689,2024-09-14,UPI,Pending
690,2023-11-20,COD,Completed
691,2023-08-16,Net Banking,Completed
692,2023-11-24,UPI,Completed
693,2023-10-21,Net Banking,Completed
694,2024-10-22,Debit Card,Completed
695,2023-02-09,UPI,Completed
696,2024-05-24,Net Banking,Pending
697,2023-09-28,UPI,Completed
698,2024-04-28,COD,Completed
699,2023-10-05,COD,Completed
700,2024-07-28,COD,Completed
701,2023-11-23,Debit Card,Completed
702,2025-04-03,UPI,Completed
703,2023-12-02,UPI,Completed
704,2025-03-06,Debit Card,Completed
705,2025-04-06,UPI,Completed
706,2024-05-21,COD,Completed
707,2023-12-01,UPI,Failed
708,2024-04-22,UPI,Completed
709,2023-11-22,UPI,Pending
710,2024-11-25,Debit Card,Completed
711,2024-10-11,COD,Completed
712,2025-05-03,UPI,Completed
713,2023-11-29,UPI,Completed
714,2023-08-27,Credit Card,Completed
715,2025-04-12,UPI,Completed
716,2023-05-11,UPI,Completed
717,2024-10-09,Credit Card,Completed
718,2024-03-04,Debit Card,Completed
719,2025-02-26,Debit Card,Failed
720,2023-12-19,COD,Completed
721,2023-09-11,UPI,Completed
722,2023-08-20,Debit Card,Completed
723,2023-03-09,UPI,Completed
724,2023-08-25,Debit Card,Completed
725,2023-05-04,UPI,Failed
726,2024-05-03,Debit Card,Completed
727,2023-03-13,UPI,Completed
728,2024-06-18,UPI,Completed
729,2024-04-26,Net Banking,Completed
730,2024-12-14,Net Banking,Completed
731,2023-06-30,UPI,Completed
732,2023-08-15,Net Banking,Pending
733,2024-09-02,COD,Completed
734,2023-07-15,Debit Card,Completed
735,2024-12-01,COD,Completed
736,2024-10-20,Credit Card,Completed
737,2025-04-17,Credit Card,Completed
738,2024-02-11,UPI,Completed
739,2024-04-16,Debit Card,Completed
740,2023-12-12,Debit Card,Completed
741,2025-04-02,Credit Card,Completed
742,2024-06-29,UPI,Completed
743,2023-01-05,UPI,Completed
744,2024-01-04,UPI,Completed
745,2024-10-18,COD,Completed
746,2025-05-08,Debit Card,Completed
747,2023-02-01,Debit Card,Completed
748,2023-11-11,Credit Card,Pending
749,2024-08-13,UPI,Completed
750,2023-09-13,UPI,Completed
751,2023-07-15,COD,Completed
752,2024-12-23,COD,Completed
753,2025-02-21,UPI,Pending
754,2023-06-10,Net Banking,Completed
755,2023-07-14,Net Banking,Pending
756,2023-10-02,Credit Card,Completed
757,2025-03-06,UPI,Failed
758,2023-01-29,Credit Card,Completed
759,2023-05-31,COD,Completed
760,2023-10-27,Net Banking,Completed
761,2024-07-12,Credit Card,Completed
762,2023-07-05,UPI,Completed
763,2024-01-30,UPI,Completed
764,2024-05-15,Credit Card,Completed
765,2023-01-10,UPI,Completed
766,2025-02-09,Net Banking,Completed
767,2023-05-31,Net Banking,Completed
768,2025-03-31,UPI,Failed
769,2024-07-24,UPI,Completed
770,2024-05-20,Credit Card,Completed
771,2024-12-23,Credit Card,Pending
772,2023-02-06,Debit Card,Completed
773,2024-02-26,UPI,Completed
774,2023-02-08,UPI,Completed
775,2023-11-23,Credit Card,Failed
776,2024-06-19,COD,Completed
777,2023-11-05,Credit Card,Completed
778,2023-02-10,Credit Card,Completed
779,2023-04-15,Credit Card,Completed
780,2023-09-14,Debit Card,Pending
781,2023-05-25,UPI,Completed
782,2023-09-18,Debit Card,Completed
783,2023-08-18,Credit Card,Completed
784,2025-05-05,UPI,Completed
785,2023-07-22,Debit Card,Completed
786,2023-11-02,UPI,Failed
787,2024-07-03,Debit Card,Failed
788,2024-05-17,Credit Card,Completed
789,2024-05-17,UPI,Completed
790,2023-05-07,COD,Pending
791,2023-11-30,Net Banking,Failed
792,2023-07-25,Credit Card,Completed
793,2025-01-19,Net Banking,Pending
794,2024-06-18,UPI,Completed
795,2024-09-07,COD,Completed
796,2024-04-01,UPI,Completed
797,2025-01-11,Debit Card,Completed
798,2024-08-09,Credit Card,Failed
799,2023-01-16,UPI,Completed
800,2025-02-25,UPI,Pending
801,2024-01-15,Credit Card,Completed
802,2024-07-23,UPI,Completed
803,2023-03-30,Debit Card,Completed
804,2023-03-13,UPI,Completed
805,2023-06-04,Debit Card,Completed
806,2024-10-23,UPI,Completed
807,2024-04-23,UPI,Completed
808,2025-03-28,UPI,Pending
809,2025-01-16,Debit Card,Completed
810,2024-02-26,COD,Completed
811,2023-04-24,UPI,Completed
812,2025-01-12,Net Banking,Completed
813,2024-03-24,UPI,Completed
814,2024-02-10,Debit Card,Completed
815,2025-01-03,Debit Card,Pending
816,2024-05-01,Credit Card,Completed
817,2023-11-25,Credit Card,Completed
818,2024-06-03,Debit Card,Pending
819,2023-04-06,UPI,Completed
820,2025-02-19,Credit Card,Completed
821,2023-11-22,Debit Card,Completed
822,2025-02-05,Net Banking,Completed
823,2024-03-19,Debit Card,Completed
824,2023-03-23,UPI,Completed
825,2023-09-03,COD,Completed
826,2023-02-24,Net Banking,Failed
827,2023-10-16,Debit Card,Completed
828,2023-11-15,Debit Card,Pending
829,2024-09-03,UPI,Failed
830,2025-05-16,Debit Card,Pending
831,2024-01-07,Debit Card,Completed
832,2023-04-28,UPI,Completed
833,2023-05-09,Credit Card,Completed
834,2025-05-31,UPI,Completed
835,2023-12-08,UPI,Completed
836,2025-05-23,Net Banking,Pending
837,2023-08-25,Debit Card,Completed
838,2024-09-17,UPI,Completed
839,2024-08-15,COD,Completed
840,2023-08-01,UPI,Completed
841,2024-05-10,UPI,Completed
842,2024-05-06,Debit Card,Completed
843,2025-01-03,Debit Card,Failed
844,2024-01-17,UPI,Completed
845,2023-07-19,UPI,Completed
846,2023-05-03,COD,Completed
847,2024-03-06,UPI,Completed
848,2024-08-21,Net Banking,Completed
849,2023-11-16,UPI,Completed
850,2025-03-09,COD,Completed
851,2023-07-24,Debit Card,Completed
852,2023-12-20,COD,Completed
853,2023-07-01,UPI,Completed
854,2024-09-04,COD,Completed
855,2024-11-05,COD,Completed
856,2025-05-08,COD,Completed
857,2023-01-08,Net Banking,Completed
858,2025-05-09,UPI,Completed
859,2024-01-10,UPI,Completed
860,2023-04-24,Debit Card,Completed
861,2023-02-16,UPI,Completed
862,2025-05-18,Debit Card,Completed
863,2025-03-08,Credit Card,Failed
864,2025-01-11,Debit Card,Completed
865,2023-08-19,Debit Card,Completed
866,2024-10-02,Credit Card,Completed
867,2023-01-03,Net Banking,Pending
868,2025-02-13,Credit Card,Completed
869,2025-04-02,UPI,Completed
870,2025-06-17,Credit Card,Completed
871,2024-09-02,COD,Completed
872,2023-02-21,UPI,Completed
873,2023-05-05,Net Banking,Completed
874,2023-03-10,COD,Completed
875,2025-05-14,Credit Card,Completed
876,2023-08-23,Net Banking,Completed
877,2024-01-15,Credit Card,Completed
878,2025-01-21,COD,Completed
879,2024-06-05,Debit Card,Completed
880,2025-02-09,COD,Completed
881,2024-04-05,UPI,Failed
882,2023-03-24,UPI,Completed
883,2023-11-25,COD,Completed
884,2024-02-19,UPI,Completed
885,2025-02-17,UPI,Completed
886,2023-10-11,Debit Card,Completed
887,2024-06-09,Credit Card,Completed
888,2024-12-01,Debit Card,Completed
889,2024-12-31,Credit Card,Completed
890,2024-06-14,Debit Card,Completed
891,2023-04-04,Credit Card,Completed
892,2023-01-05,UPI,Completed
893,2024-04-25,COD,Completed
894,2024-01-03,COD,Completed
895,2023-07-08,UPI,Completed
896,2024-01-03,Debit Card,Completed
897,2025-04-12,COD,Completed
898,2023-02-26,Net Banking,Completed
899,2025-04-05,COD,Completed
900,2024-10-11,Credit Card,Completed
901,2024-03-09,UPI,Completed
902,2024-08-06,Debit Card,Completed
903,2024-02-21,UPI,Completed
904,2024-05-06,COD,Pending
905,2023-04-21,Net Banking,Completed
906,2023-02-14,Credit Card,Completed
907,2023-04-26,COD,Completed
908,2025-05-13,UPI,Completed
909,2025-04-24,UPI,Completed
910,2024-04-29,UPI,Completed
911,2024-08-30,UPI,Completed
912,2025-01-26,Debit Card,Completed
913,2025-01-17,UPI,Completed
914,2024-11-04,Debit Card,Completed
915,2024-09-01,Net Banking,Completed
916,2023-10-25,Debit Card,Completed
917,2023-05-18,UPI,Completed
918,2025-01-15,Credit Card,Completed
919,2024-07-31,COD,Completed
920,2023-03-22,UPI,Completed
921,2023-02-10,UPI,Completed
922,2023-02-17,Debit Card,Completed
923,2023-04-08,Debit Card,Pending
924,2023-10-16,COD,Completed
925,2024-12-22,UPI,Completed
926,2023-11-26,UPI,Completed
927,2024-08-06,Debit Card,Completed
928,2024-07-06,Credit Card,Completed
929,2024-10-17,Debit Card,Completed
930,2025-01-08,COD,Completed
931,2023-01-06,Debit Card,Completed
932,2023-12-28,COD,Completed
933,2025-03-23,COD,Completed
934,2024-12-12,UPI,Completed
935,2023-11-21,UPI,Completed
936,2023-09-23,UPI,Pending
937,2025-05-15,Credit Card,Completed
938,2024-06-03,UPI,Completed
939,2024-12-02,UPI,Completed
940,2023-07-10,COD,Completed
941,2023-12-07,UPI,Pending
942,2024-05-03,Net Banking,Completed
943,2024-07-20,UPI,Completed
944,2024-10-27,Debit Card,Completed
945,2024-02-23,Debit Card,Completed
946,2024-01-18,Debit Card,Completed
947,2025-06-14,Credit Card,Completed
948,2024-04-03,UPI,Completed
949,2023-02-22,Net Banking,Completed
950,2023-06-30,UPI,Pending
951,2024-05-11,Net Banking,Completed
952,2024-06-07,COD,Completed
953,2025-04-23,COD,Completed
954,2024-01-13,UPI,Completed
955,2025-03-01,UPI,Completed
956,2024-08-10,Debit Card,Completed
957,2025-03-11,UPI,Completed
958,2023-12-30,Credit Card,Pending
959,2025-03-15,Credit Card,Failed
960,2024-01-07,Credit Card,Pending
961,2024-09-30,Debit Card,Completed
962,2024-12-30,UPI,Pending
963,2024-09-15,Debit Card,Completed
964,2025-03-10,UPI,Completed
965,2024-08-12,Net Banking,Completed
966,2023-11-24,Credit Card,Completed
967,2024-01-22,Credit Card,Completed
968,2024-10-01,UPI,Completed
969,2024-02-28,Credit Card,Pending
970,2023-06-16,Credit Card,Completed
971,2024-09-21,Debit Card,Completed
972,2025-01-06,UPI,Completed
973,2025-05-25,COD,Completed
974,2024-10-24,UPI,Completed
975,2024-04-04,Debit Card,Completed
976,2023-08-16,UPI,Completed
977,2023-07-10,Net Banking,Completed
978,2025-01-12,Credit Card,Pending
979,2023-03-27,Debit Card,Completed
980,2024-02-17,Credit Card,Completed
981,2023-10-19,COD,Completed
982,2024-10-07,Debit Card,Completed
983,2023-12-11,UPI,Completed
984,2024-11-15,COD,Completed
985,2025-02-03,COD,Completed
986,2024-10-05,Credit Card,Completed
987,2025-03-07,UPI,Completed
988,2023-05-19,Credit Card,Completed
989,2023-01-08,Net Banking,Completed
990,2023-08-14,UPI,Failed
991,2024-12-05,Credit Card,Completed
992,2023-09-11,Credit Card,Completed
993,2024-05-13,Debit Card,Completed
994,2023-09-01,UPI,Completed
995,2024-03-09,UPI,Completed
996,2024-12-04,Credit Card,Pending
997,2024-03-11,COD,Completed
998,2023-05-25,COD,Completed
999,2023-05-27,UPI,Completed
1000,2024-02-08,Net Banking,Completed
1001,2024-12-13,UPI,Failed
1002,2023-04-06,Credit Card,Completed
1003,2023-01-18,COD,Completed
1004,2024-03-15,Credit Card,Failed
1005,2023-05-20,Credit Card,Completed
1006,2024-11-17,Credit Card,Completed
1007,2023-12-21,COD,Completed
1008,2025-02-10,Net Banking,Completed
1009,2024-05-16,Credit Card,Pending
1010,2025-05-15,UPI,Completed
1011,2023-04-02,Credit Card,Completed
1012,2025-05-06,UPI,Completed
1013,2024-05-19,Credit Card,Completed
1014,2023-09-21,Credit Card,Completed
1015,2024-10-13,COD,Completed
1016,2023-07-22,UPI,Completed
1017,2023-09-29,COD,Completed
1018,2023-10-04,UPI,Completed
1019,2024-01-02,Credit Card,Completed
1020,2024-08-24,Credit Card,Completed
1021,2024-08-16,UPI,Pending
1022,2025-05-07,Debit Card,Completed
1023,2023-01-23,Debit Card,Completed
1024,2023-10-09,Debit Card,Completed
1025,2023-05-26,Net Banking,Completed
1026,2023-11-10,Credit Card,Completed
1027,2023-09-09,Debit Card,Pending
1028,2023-08-13,UPI,Completed
1029,2024-06-24,Debit Card,Completed
1030,2024-02-17,UPI,Completed
1031,2023-12-13,UPI,Completed
1032,2025-03-19,UPI,Pending
1033,2025-06-07,Credit Card,Completed
1034,2024-08-08,UPI,Pending
1035,2024-06-27,UPI,Pending
1036,2025-06-04,Credit Card,Completed
1037,2024-08-24,UPI,Completed
1038,2025-03-15,Credit Card,Completed
1039,2023-04-17,Credit Card,Completed
1040,2023-08-13,Debit Card,Completed
1041,2025-04-29,Credit Card,Completed
1042,2023-12-05,Credit Card,Completed
1043,2024-01-28,Net Banking,Completed
1044,2025-02-18,Debit Card,Completed
1045,2024-05-26,COD,Completed
1046,2024-12-01,Credit Card,Pending
1047,2024-08-15,Net Banking,Completed
1048,2023-07-31,COD,Completed
1049,2023-12-14,COD,Completed
1050,2025-01-31,UPI,Completed
1051,2023-06-10,UPI,Completed
1052,2024-04-11,UPI,Completed
1053,2023-11-30,Debit Card,Completed
1054,2023-02-08,Debit Card,Completed
1055,2025-01-03,UPI,Completed
1056,2025-02-04,Credit Card,Completed
1057,2023-05-28,COD,Completed
1058,2023-09-09,COD,Completed
1059,2024-10-13,Debit Card,Completed
1060,2023-05-04,Debit Card,Completed
1061,2024-01-20,UPI,Completed
1062,2024-09-03,Credit Card,Pending
1063,2023-05-25,Debit Card,Completed
1064,2023-09-29,UPI,Completed
1065,2023-07-17,Credit Card,Pending
1066,2023-08-30,Credit Card,Completed
1067,2023-02-08,Net Banking,Completed
1068,2023-08-30,UPI,Completed
1069,2024-12-10,Net Banking,Completed
1070,2024-01-13,UPI,Failed
1071,2024-01-19,UPI,Completed
1072,2025-04-10,Credit Card,Completed
1073,2023-11-09,UPI,Completed
1074,2025-05-24,UPI,Completed
1075,2023-10-15,COD,Completed
1076,2024-06-17,Debit Card,Completed
1077,2025-03-18,Debit Card,Completed
1078,2024-06-29,Debit Card,Completed
1079,2024-01-12,UPI,Pending
1080,2023-05-16,Debit Card,Completed
1081,2025-03-04,UPI,Completed
1082,2024-01-26,UPI,Completed
1083,2023-12-28,UPI,Completed
1084,2023-02-15,COD,Completed
1085,2024-11-12,UPI,Completed
1086,2024-08-13,UPI,Completed
1087,2024-06-03,Credit Card,Completed
1088,2024-01-16,UPI,Completed
1089,2023-08-03,Net Banking,Failed
1090,2023-10-07,Credit Card,Completed
1091,2023-02-23,COD,Completed
1092,2025-01-20,Credit Card,Completed
1093,2023-01-27,Net Banking,Completed
1094,2024-02-07,Net Banking,Completed
1095,2023-01-24,Credit Card,Failed
1096,2025-03-22,Net Banking,Completed
1097,2023-08-25,Debit Card,Completed
1098,2024-01-29,Debit Card,Pending
1099,2023-09-04,COD,Completed
1100,2025-02-07,COD,Completed
1101,2023-05-07,UPI,Completed
1102,2023-02-08,UPI,Completed
1103,2025-01-06,UPI,Completed
1104,2023-07-22,Debit Card,Pending
1105,2024-01-16,UPI,Completed
1106,2023-06-03,UPI,Completed
1107,2023-03-02,Debit Card,Completed
1108,2023-04-19,Credit Card,Failed
1109,2023-12-05,Net Banking,Completed
1110,2024-06-03,Debit Card,Completed
1111,2025-02-27,UPI,Completed
1112,2024-08-03,UPI,Completed
1113,2023-06-20,UPI,Completed
1114,2024-07-07,Net Banking,Completed
1115,2025-01-13,UPI,Completed
1116,2023-06-03,UPI,Completed
1117,2025-03-23,UPI,Completed
1118,2024-12-16,Net Banking,Completed
1119,2024-11-19,UPI,Completed
1120,2025-05-22,Credit Card,Completed
1121,2023-08-15,Debit Card,Completed
1122,2024-11-19,Debit Card,Failed
1123,2023-01-31,UPI,Completed
1124,2023-06-10,COD,Completed
1125,2025-03-31,UPI,Completed
1126,2024-04-01,UPI,Completed
1127,2024-07-09,Credit Card,Completed
1128,2023-05-28,Credit Card,Completed
1129,2025-04-07,Debit Card,Completed
1130,2023-01-01,UPI,Completed
1131,2024-04-29,COD,Completed
1132,2024-01-04,COD,Completed
1133,2025-01-31,UPI,Completed
1134,2025-01-06,COD,Completed
1135,2023-11-29,COD,Pending
1136,2024-04-02,UPI,Completed
1137,2024-04-16,UPI,Completed
1138,2025-03-18,Debit Card,Completed
1139,2024-02-10,Credit Card,Completed
1140,2023-09-09,COD,Failed
1141,2025-02-09,Net Banking,Completed
1142,2024-10-24,UPI,Completed
1143,2023-05-08,UPI,Completed
1144,2025-04-29,COD,Completed
1145,2025-03-06,UPI,Pending
1146,2023-01-25,Net Banking,Completed
1147,2024-12-22,UPI,Completed
1148,2024-07-17,Net Banking,Completed
1149,2025-05-09,Debit Card,Completed
1150,2024-07-21,Net Banking,Completed
1151,2025-01-13,UPI,Completed
1152,2023-01-11,Debit Card,Completed
1153,2024-10-10,COD,Completed
1154,2023-02-17,Debit Card,Completed
1155,2023-07-17,UPI,Completed
1156,2024-08-12,Debit Card,Completed
1157,2023-06-15,Credit Card,Completed
1158,2024-05-25,UPI,Completed
1159,2024-10-01,UPI,Completed
1160,2023-07-20,Credit Card,Pending
1161,2023-02-05,Debit Card,Failed
1162,2023-05-31,Debit Card,Pending
1163,2024-04-14,Debit Card,Completed
1164,2025-02-05,UPI,Completed
1165,2025-03-08,UPI,Completed
1166,2023-05-29,Credit Card,Completed
1167,2024-08-04,COD,Completed
1168,2024-10-10,UPI,Failed
1169,2025-04-29,Net Banking,Completed
1170,2024-04-02,COD,Completed
1171,2025-05-24,Net Banking,Completed
1172,2023-02-17,UPI,Pending
1173,2024-11-04,Debit Card,Pending
1174,2025-01-08,UPI,Completed
1175,2024-11-15,COD,Completed
1176,2023-10-25,UPI,Completed
1177,2023-05-14,COD,Completed
1178,2023-01-29,UPI,Completed
1179,2023-10-17,UPI,Completed
1180,2024-03-02,UPI,Completed
1181,2024-12-07,UPI,Completed
1182,2024-11-06,Debit Card,Completed
1183,2023-01-26,Credit Card,Completed
1184,2025-02-02,UPI,Completed
1185,2025-06-01,COD,Completed
1186,2024-03-20,Credit Card,Completed
1187,2023-02-21,UPI,Completed
1188,2024-10-13,Debit Card,Completed
1189,2024-09-27,Credit Card,Completed
1190,2023-05-31,Net Banking,Completed
1191,2024-09-26,UPI,Completed
1192,2024-10-08,Debit Card,Completed
1193,2023-07-12,Credit Card,Completed
1194,2023-01-08,Net Banking,Completed
1195,2023-12-22,Net Banking,Completed
1196,2023-12-02,UPI,Failed
1197,2023-10-25,UPI,Completed
1198,2023-12-11,Debit Card,Completed
1199,2025-05-22,Net Banking,Completed
1200,2024-11-18,COD,Completed
1201,2023-04-26,UPI,Completed
1202,2023-01-21,Debit Card,Completed
1203,2023-02-23,Net Banking,Completed
1204,2024-05-31,UPI,Completed
1205,2023-05-26,Credit Card,Completed
1206,2024-03-16,UPI,Completed
1207,2023-08-23,Debit Card,Failed
1208,2023-12-21,Debit Card,Completed
1209,2025-06-19,Net Banking,Completed
1210,2024-10-18,UPI,Completed
1211,2024-07-19,Debit Card,Completed
1212,2023-04-29,UPI,Completed
1213,2024-10-07,UPI,Completed
1214,2024-12-22,Credit Card,Completed
1215,2023-05-04,Credit Card,Completed
1216,2024-07-08,Debit Card,Completed
1217,2025-06-18,UPI,Completed
1218,2024-05-28,UPI,Completed
1219,2023-09-15,Debit Card,Failed
1220,2025-03-09,Credit Card,Completed
1221,2023-08-27,Credit Card,Completed
1222,2024-01-10,Credit Card,Completed
1223,2023-01-15,UPI,Completed
1224,2024-04-27,Credit Card,Completed
1225,2025-02-12,Debit Card,Completed
1226,2024-10-30,Credit Card,Completed
1227,2024-11-30,Credit Card,Completed
1228,2025-03-18,COD,Pending
1229,2025-02-04,COD,Completed
1230,2024-12-15,Credit Card,Completed
1231,2025-04-25,Debit Card,Completed
1232,2025-01-20,UPI,Completed
1233,2023-02-05,Net Banking,Completed
1234,2024-09-08,Credit Card,Completed
1235,2024-12-09,UPI,Completed
1236,2024-06-01,UPI,Completed
1237,2023-08-07,UPI,Completed
1238,2023-03-25,UPI,Completed
1239,2023-10-29,Net Banking,Completed
1240,2024-03-31,Credit Card,Completed
1241,2024-07-20,Debit Card,Pending
1242,2024-03-19,Credit Card,Pending
1243,2025-04-15,Debit Card,Completed
1244,2023-01-11,Credit Card,Completed
1245,2023-11-27,UPI,Completed
1246,2023-09-12,Credit Card,Pending
1247,2023-12-17,COD,Completed
1248,2024-10-25,UPI,Completed
1249,2023-03-29,UPI,Completed
1250,2024-04-20,Credit Card,Pending
1251,2023-04-03,Net Banking,Completed
1252,2023-12-13,UPI,Completed
1253,2025-06-09,UPI,Completed
1254,2025-04-01,UPI,Completed
1255,2023-01-29,Debit Card,Completed
1256,2023-05-28,COD,Completed
1257,2024-12-08,UPI,Failed
1258,2024-02-13,UPI,Completed
1259,2025-02-24,UPI,Completed
1260,2025-01-15,Credit Card,Completed
1261,2023-11-03,UPI,Completed
1262,2024-12-30,Credit Card,Completed
1263,2025-06-12,Debit Card,Completed
1264,2023-12-05,Net Banking,Completed
1265,2024-05-22,UPI,Completed
1266,2023-01-13,UPI,Completed
1267,2025-03-25,COD,Completed
1268,2024-04-05,UPI,Completed
1269,2023-05-16,Credit Card,Completed
1270,2023-06-08,Credit Card,Completed
1271,2025-02-14,Debit Card,Completed
1272,2023-07-02,Debit Card,Pending
1273,2023-01-25,Net Banking,Completed
1274,2024-01-26,UPI,Completed
1275,2025-03-07,UPI,Pending
1276,2024-10-17,UPI,Pending
1277,2023-05-11,COD,Completed
1278,2023-05-04,Net Banking,Pending
1279,2024-06-05,UPI,Completed
1280,2024-08-04,Credit Card,Completed
1281,2024-09-12,Net Banking,Completed
1282,2024-11-07,COD,Completed
1283,2025-04-01,COD,Completed
1284,2024-02-12,Credit Card,Completed
1285,2023-09-01,COD,Completed
1286,2025-01-11,Credit Card,Completed
1287,2023-04-17,Credit Card,Completed
1288,2025-02-06,Debit Card,Completed
1289,2023-02-13,Net Banking,Completed
1290,2023-01-05,COD,Completed
1291,2023-06-17,Credit Card,Pending
1292,2024-02-15,Credit Card,Completed
1293,2024-09-28,COD,Completed
1294,2024-09-04,UPI,Completed
1295,2024-12-19,Credit Card,Completed
1296,2023-12-21,UPI,Completed
1297,2025-04-29,UPI,Failed
1298,2024-11-28,Credit Card,Completed
1299,2024-02-13,Credit Card,Completed
1300,2025-01-03,COD,Completed
1301,2023-11-19,UPI,Completed
1302,2024-08-11,UPI,Completed
1303,2024-05-09,COD,Pending
1304,2024-11-13,COD,Completed
1305,2024-12-17,UPI,Completed
1306,2024-10-25,Debit Card,Completed
1307,2023-07-15,Net Banking,Completed
1308,2024-12-31,COD,Pending
1309,2024-10-21,Net Banking,Completed
1310,2023-01-06,Debit Card,Pending
1311,2023-05-09,Net Banking,Completed
1312,2023-08-16,COD,Completed
1313,2024-11-02,UPI,Completed
1314,2025-05-31,UPI,Completed
1315,2024-08-18,COD,Completed
1316,2023-09-01,Credit Card,Completed
1317,2024-05-23,Debit Card,Completed
1318,2023-07-16,Debit Card,Completed
1319,2024-10-21,UPI,Completed
1320,2023-02-23,UPI,Completed
1321,2024-02-07,Credit Card,Completed
1322,2023-05-23,UPI,Pending
1323,2025-06-13,UPI,Pending
1324,2024-03-28,Debit Card,Completed
1325,2024-05-06,Net Banking,Completed
1326,2023-07-16,Debit Card,Failed
1327,2023-12-15,Debit Card,Completed
1328,2024-07-29,Debit Card,Completed
1329,2024-11-04,Debit Card,Completed
1330,2023-11-07,Net Banking,Completed
1331,2024-05-07,Debit Card,Completed
1332,2024-01-07,Credit Card,Completed
1333,2023-01-03,Credit Card,Completed
1334,2023-10-14,UPI,Completed
1335,2024-01-19,Credit Card,Completed
1336,2025-04-14,Credit Card,Completed
1337,2025-04-19,COD,Completed
1338,2023-05-23,Net Banking,Completed
1339,2025-03-18,Credit Card,Completed
1340,2023-11-06,Debit Card,Completed
1341,2023-09-09,COD,Completed
1342,2024-11-18,Debit Card,Completed
1343,2024-04-22,UPI,Completed
1344,2023-03-28,COD,Completed
1345,2024-02-17,Net Banking,Completed
1346,2023-04-20,UPI,Completed
1347,2023-06-25,UPI,Completed
1348,2024-09-30,Credit Card,Completed
1349,2024-07-14,UPI,Completed
1350,2025-04-05,Credit Card,Completed
1351,2024-04-30,Credit Card,Completed
1352,2025-05-04,UPI,Completed
1353,2024-11-17,Net Banking,Completed
1354,2024-07-10,Debit Card,Completed
1355,2023-07-06,Net Banking,Completed
1356,2025-02-22,Debit Card,Completed
1357,2023-03-20,Credit Card,Failed
1358,2023-06-04,Credit Card,Completed
1359,2024-07-13,Debit Card,Completed
1360,2023-01-19,Debit Card,Completed
1361,2024-02-29,COD,Pending
1362,2025-02-21,UPI,Completed
1363,2024-03-18,Net Banking,Completed
1364,2023-12-22,COD,Completed
1365,2024-01-12,COD,Completed
1366,2024-08-18,UPI,Completed
1367,2025-03-12,Credit Card,Completed
1368,2025-02-23,Debit Card,Completed
1369,2023-04-19,Debit Card,Failed
1370,2024-05-16,UPI,Completed
1371,2023-10-12,Debit Card,Completed
1372,2024-01-12,Net Banking,Completed
1373,2023-11-26,Credit Card,Completed
1374,2023-06-20,Credit Card,Completed
1375,2024-07-08,UPI,Completed
1376,2024-10-12,Credit Card,Completed
1377,2024-10-24,COD,Completed
1378,2023-03-28,Net Banking,Completed
1379,2023-07-11,Net Banking,Completed
1380,2023-03-05,Debit Card,Completed
1381,2025-05-28,Credit Card,Completed
1382,2023-11-05,COD,Completed
1383,2025-05-29,UPI,Completed
1384,2023-12-26,UPI,Pending
1385,2024-08-04,UPI,Completed
1386,2025-03-13,UPI,Completed
1387,2023-01-06,UPI,Completed
1388,2023-02-16,Net Banking,Completed
1389,2023-02-10,Debit Card,Completed
1390,2023-04-07,Credit Card,Completed
1391,2024-06-22,Credit Card,Completed
1392,2024-06-15,UPI,Completed
1393,2023-09-11,Debit Card,Completed
1394,2023-01-21,Debit Card,Completed
1395,2025-05-28,UPI,Completed
1396,2023-11-30,Credit Card,Completed
1397,2024-07-15,Net Banking,Pending
1398,2023-06-29,Credit Card,Pending
1399,2025-03-18,Credit Card,Pending
1400,2024-07-09,COD,Completed
1401,2024-06-05,Credit Card,Completed
1402,2023-05-06,UPI,Completed
1403,2023-10-23,Debit Card,Completed
1404,2024-08-11,Credit Card,Completed
1405,2024-03-25,UPI,Completed
1406,2023-10-31,Net Banking,Failed
1407,2023-06-28,Credit Card,Completed
1408,2025-04-23,Debit Card,Pending
1409,2024-10-17,Credit Card,Completed
1410,2025-05-01,UPI,Completed
1411,2025-03-04,COD,Completed
1412,2023-04-02,UPI,Completed
1413,2024-12-22,Credit Card,Completed
1414,2025-01-20,UPI,Completed
1415,2023-05-02,Credit Card,Completed
1416,2025-03-05,UPI,Pending
1417,2023-05-17,UPI,Completed
1418,2023-03-05,Debit Card,Completed
1419,2023-03-31,UPI,Completed
1420,2023-05-22,Debit Card,Pending
1421,2024-07-19,COD,Completed
1422,2024-04-10,UPI,Failed
1423,2023-03-25,UPI,Completed
1424,2023-04-09,Net Banking,Completed
1425,2024-11-21,Credit Card,Completed
1426,2025-04-14,COD,Completed
1427,2023-11-16,UPI,Completed
1428,2023-07-22,Debit Card,Completed
1429,2023-01-25,Credit Card,Completed
1430,2024-02-14,UPI,Completed
1431,2024-08-19,UPI,Completed
1432,2024-12-22,Credit Card,Completed
1433,2025-04-30,Credit Card,Completed
1434,2024-07-26,COD,Completed
1435,2023-08-20,Credit Card,Completed
1436,2023-12-26,Credit Card,Completed
1437,2023-05-12,Net Banking,Completed
1438,2024-07-01,Credit Card,Completed
1439,2024-05-22,UPI,Pending
1440,2025-03-28,Debit Card,Completed
1441,2024-01-28,UPI,Completed
1442,2023-01-27,Net Banking,Completed
1443,2023-03-02,UPI,Completed
1444,2023-02-09,UPI,Completed
1445,2023-11-24,COD,Pending
1446,2025-03-13,COD,Completed
1447,2025-05-25,Debit Card,Completed
1448,2024-09-15,Debit Card,Completed
1449,2023-01-03,UPI,Pending
1450,2023-11-10,Net Banking,Completed
1451,2024-03-25,COD,Completed
1452,2025-01-13,UPI,Completed
1453,2025-05-10,UPI,Completed
1454,2023-03-09,UPI,Completed
1455,2023-10-02,UPI,Completed
1456,2023-01-21,UPI,Completed
1457,2023-10-05,UPI,Completed
1458,2025-05-22,COD,Completed
1459,2023-01-30,UPI,Completed
1460,2023-11-27,COD,Completed
1461,2024-10-13,Debit Card,Completed
1462,2024-04-04,UPI,Pending
1463,2025-01-09,Credit Card,Pending
1464,2025-04-30,Credit Card,Completed
1465,2024-04-18,Debit Card,Completed
1466,2025-02-10,Credit Card,Completed
1467,2023-10-23,UPI,Completed
1468,2023-10-25,Debit Card,Completed
1469,2024-12-25,UPI,Completed
1470,2025-04-09,Credit Card,Failed
1471,2024-07-07,UPI,Completed
1472,2024-04-15,Credit Card,Completed
1473,2024-03-09,Credit Card,Completed
1474,2023-04-14,Credit Card,Completed
1475,2023-01-17,COD,Completed
1476,2024-12-05,Debit Card,Completed
1477,2024-01-02,UPI,Failed
1478,2023-11-25,Net Banking,Completed
1479,2023-04-06,UPI,Completed
1480,2023-03-16,Credit Card,Completed
1481,2023-12-29,COD,Completed
1482,2023-03-15,Debit Card,Completed
1483,2023-08-08,UPI,Pending
1484,2024-03-06,COD,Completed
1485,2025-01-04,Credit Card,Completed
1486,2025-03-14,Credit Card,Completed
1487,2024-04-14,COD,Completed
1488,2024-07-03,UPI,Completed
1489,2023-02-15,Credit Card,Completed
1490,2023-02-16,UPI,Pending
1491,2025-05-28,UPI,Completed
1492,2023-12-08,Debit Card,Completed
1493,2025-05-20,Credit Card,Completed
1494,2023-12-02,COD,Pending
1495,2024-10-02,Debit Card,Completed
1496,2024-02-24,UPI,Completed
1497,2024-01-25,Credit Card,Completed
1498,2024-09-17,UPI,Completed
1499,2023-11-13,COD,Completed
1500,2023-05-10,Credit Card,Completed
1501,2023-07-07,Debit Card,Completed
1502,2023-02-13,Credit Card,Completed
1503,2023-10-18,Debit Card,Completed
1504,2024-06-12,UPI,Pending
1505,2024-11-24,UPI,Completed
1506,2024-02-11,Credit Card,Completed
1507,2024-05-01,Credit Card,Failed
1508,2023-03-02,Debit Card,Pending
1509,2023-06-12,Credit Card,Completed
1510,2023-11-21,Debit Card,Completed
1511,2024-03-03,Net Banking,Completed
1512,2023-09-07,UPI,Completed
1513,2025-01-20,COD,Completed
1514,2023-12-17,UPI,Completed
1515,2023-02-05,UPI,Completed
1516,2024-12-22,Net Banking,Completed
1517,2023-09-19,Net Banking,Completed
1518,2023-04-01,Debit Card,Completed
1519,2023-09-26,UPI,Completed
1520,2024-01-22,Credit Card,Completed
1521,2024-05-11,Credit Card,Completed
1522,2023-10-02,Debit Card,Completed
1523,2024-11-25,COD,Failed
1524,2023-01-24,Debit Card,Completed
1525,2023-09-01,COD,Completed
1526,2025-01-29,UPI,Completed
1527,2023-10-05,COD,Completed
1528,2025-04-01,Credit Card,Completed
1529,2024-07-12,Net Banking,Completed
1530,2025-05-03,Debit Card,Completed
1531,2025-05-27,Debit Card,Completed
1532,2024-09-03,Net Banking,Pending
1533,2023-05-04,COD,Completed
1534,2023-08-24,UPI,Completed
1535,2024-03-11,UPI,Completed
1536,2023-01-22,COD,Completed
1537,2023-02-12,Debit Card,Completed
1538,2025-03-25,Net Banking,Completed
1539,2024-05-21,UPI,Completed
1540,2024-12-12,UPI,Completed
1541,2024-05-13,Credit Card,Completed
1542,2023-01-17,COD,Completed
1543,2024-01-09,UPI,Completed
1544,2024-08-12,Debit Card,Completed
1545,2023-10-29,Credit Card,Completed
1546,2023-01-01,Debit Card,Completed
1547,2025-01-12,COD,Completed
1548,2025-03-01,COD,Completed
1549,2023-07-14,Credit Card,Completed
1550,2024-10-20,UPI,Completed
1551,2024-10-27,Credit Card,Completed
1552,2025-04-08,UPI,Completed
1553,2024-12-27,Credit Card,Completed
1554,2023-06-05,Debit Card,Completed
1555,2025-02-01,UPI,Completed
1556,2025-01-19,COD,Completed
1557,2024-05-14,COD,Completed
1558,2023-10-19,Debit Card,Completed
1559,2023-04-04,Debit Card,Completed
1560,2023-12-19,UPI,Pending
1561,2025-02-05,Debit Card,Pending
1562,2023-07-26,Debit Card,Pending
1563,2024-12-27,COD,Failed
1564,2024-11-18,UPI,Completed
1565,2024-07-03,UPI,Completed
1566,2024-03-04,Credit Card,Completed
1567,2024-11-24,UPI,Completed
1568,2024-09-08,COD,Pending
1569,2025-04-30,UPI,Completed
1570,2023-11-28,COD,Pending
1571,2024-03-07,Net Banking,Completed
1572,2023-12-29,UPI,Completed
1573,2023-09-13,Debit Card,Pending
1574,2025-05-20,COD,Completed
1575,2023-07-22,UPI,Completed
1576,2024-04-07,UPI,Completed
1577,2024-06-05,Credit Card,Completed
1578,2023-05-18,Debit Card,Completed
1579,2025-02-18,Debit Card,Completed
1580,2024-08-06,Credit Card,Completed
1581,2024-10-12,UPI,Completed
1582,2024-01-15,UPI,Completed
1583,2023-12-01,Credit Card,Completed
1584,2024-09-05,Credit Card,Pending
1585,2025-05-24,COD,Completed
1586,2023-09-22,COD,Completed
1587,2023-04-04,Credit Card,Pending
1588,2023-01-21,Debit Card,Completed
1589,2024-12-07,UPI,Completed
1590,2024-04-30,UPI,Completed
1591,2023-12-04,Net Banking,Completed
1592,2024-08-01,Credit Card,Failed
1593,2023-07-21,Credit Card,Failed
1594,2024-12-16,UPI,Pending
1595,2023-02-20,UPI,Completed
1596,2023-06-23,Credit Card,Completed
1597,2023-03-05,Debit Card,Completed
1598,2023-11-03,UPI,Completed
1599,2023-02-23,COD,Pending
1600,2024-04-25,COD,Completed
1601,2024-10-09,UPI,Completed
1602,2023-10-30,UPI,Pending
1603,2024-01-04,COD,Completed
1604,2024-08-12,Debit Card,Completed
1605,2023-08-26,COD,Completed
1606,2025-06-13,UPI,Completed
1607,2023-10-09,Credit Card,Completed
1608,2024-11-21,Credit Card,Completed
1609,2024-04-16,COD,Pending
1610,2023-08-20,UPI,Completed
1611,2023-11-19,Credit Card,Completed
1612,2024-11-23,Debit Card,Completed
1613,2024-12-07,UPI,Completed
1614,2024-10-22,UPI,Completed
1615,2023-11-11,Credit Card,Completed
1616,2024-03-16,UPI,Completed
1617,2025-01-05,UPI,Completed
1618,2024-07-22,Debit Card,Completed
1619,2024-08-13,COD,Completed
1620,2023-02-06,UPI,Completed
1621,2024-11-19,COD,Completed
1622,2025-06-08,UPI,Completed
1623,2024-03-29,Debit Card,Completed
1624,2025-05-23,Debit Card,Failed
1625,2024-08-10,Credit Card,Completed
1626,2023-11-18,UPI,Completed
1627,2025-01-21,Net Banking,Completed
1628,2025-05-05,Credit Card,Completed
1629,2024-01-10,COD,Completed
1630,2023-02-28,UPI,Completed
1631,2024-06-19,Debit Card,Completed
1632,2023-07-19,Credit Card,Completed
1633,2025-04-05,UPI,Completed
1634,2024-01-13,Credit Card,Completed
1635,2025-02-05,COD,Completed
1636,2024-07-11,Credit Card,Pending
1637,2025-06-02,UPI,Completed
1638,2024-04-04,Credit Card,Completed
1639,2024-05-30,COD,Completed
1640,2024-12-29,COD,Pending
1641,2025-04-23,Credit Card,Completed
1642,2024-07-01,UPI,Completed
1643,2024-10-02,UPI,Completed
1644,2024-01-04,COD,Completed
1645,2024-10-01,UPI,Completed
1646,2023-07-03,Debit Card,Completed
1647,2024-02-28,Debit Card,Pending
1648,2023-10-29,UPI,Completed
1649,2024-07-28,UPI,Completed
1650,2023-10-01,UPI,Completed
1651,2024-08-27,Debit Card,Completed
1652,2023-12-04,UPI,Completed
1653,2023-04-08,Credit Card,Completed
1654,2023-04-08,Net Banking,Completed
1655,2023-11-10,Debit Card,Completed
1656,2024-04-06,UPI,Completed
1657,2024-10-07,UPI,Completed
1658,2024-03-10,Credit Card,Completed
1659,2023-02-22,UPI,Completed
1660,2023-02-08,UPI,Failed
1661,2023-09-22,COD,Completed
1662,2024-11-24,Debit Card,Completed
1663,2024-01-09,Credit Card,Completed
1664,2025-03-08,Credit Card,Completed
1665,2024-02-21,Credit Card,Completed
1666,2023-09-16,Debit Card,Completed
1667,2023-01-28,UPI,Completed
1668,2023-03-20,Net Banking,Completed
1669,2024-02-12,COD,Completed
1670,2024-06-06,UPI,Completed
1671,2023-09-02,Net Banking,Completed
1672,2024-09-23,Credit Card,Completed
1673,2023-12-28,Net Banking,Pending
1674,2023-11-01,Credit Card,Completed
1675,2023-01-15,UPI,Completed
1676,2023-08-31,Debit Card,Pending
1677,2023-07-23,Credit Card,Completed
1678,2025-06-11,Debit Card,Failed
1679,2023-12-18,UPI,Pending
1680,2025-01-18,Credit Card,Completed
1681,2024-02-29,COD,Completed
1682,2023-06-06,Debit Card,Completed
1683,2023-12-01,UPI,Completed
1684,2024-12-21,UPI,Completed
1685,2024-04-15,Credit Card,Completed
1686,2023-04-04,UPI,Completed
1687,2024-05-08,Debit Card,Completed
1688,2024-03-28,Credit Card,Completed
1689,2023-11-27,UPI,Pending
1690,2024-08-28,UPI,Completed
1691,2024-01-17,Debit Card,Completed
1692,2025-05-10,UPI,Pending
1693,2024-05-24,Credit Card,Completed
1694,2025-03-31,UPI,Completed
1695,2025-02-25,Credit Card,Pending
1696,2024-11-29,UPI,Completed
1697,2024-07-02,Credit Card,Completed
1698,2023-03-09,Debit Card,Completed
1699,2023-08-19,Debit Card,Completed
1700,2024-09-11,COD,Completed
1701,2023-05-19,Credit Card,Failed
1702,2024-10-06,Net Banking,Failed
1703,2025-04-03,Debit Card,Completed
1704,2024-02-11,UPI,Completed
1705,2024-10-06,Debit Card,Completed
1706,2023-12-07,UPI,Completed
1707,2023-05-04,UPI,Completed
1708,2024-05-02,COD,Completed
1709,2024-05-15,UPI,Completed
1710,2023-07-20,Net Banking,Completed
1711,2024-03-29,Credit Card,Completed
1712,2023-11-18,Debit Card,Completed
1713,2024-10-30,COD,Completed
1714,2023-05-13,UPI,Completed
1715,2023-06-08,Net Banking,Failed
1716,2023-09-03,UPI,Completed
1717,2024-03-15,COD,Completed
1718,2023-03-17,Debit Card,Completed
1719,2025-01-29,COD,Completed
1720,2023-11-23,UPI,Completed
1721,2024-06-09,Debit Card,Pending
1722,2024-10-21,Debit Card,Failed
1723,2023-01-26,Debit Card,Completed
1724,2023-03-17,UPI,Completed
1725,2024-06-13,Debit Card,Completed
1726,2023-03-17,Debit Card,Completed
1727,2024-09-03,Net Banking,Completed
1728,2023-11-07,Debit Card,Completed
1729,2023-10-13,UPI,Completed
1730,2023-05-10,UPI,Completed
1731,2024-04-14,Debit Card,Completed
1732,2024-02-25,Net Banking,Completed
1733,2024-09-06,Credit Card,Completed
1734,2023-12-16,UPI,Completed
1735,2025-02-13,UPI,Completed
1736,2024-08-05,Debit Card,Completed
1737,2023-07-18,UPI,Completed
1738,2024-04-20,UPI,Completed
1739,2023-05-11,Credit Card,Completed
1740,2024-08-30,UPI,Completed
1741,2023-07-20,UPI,Pending
1742,2023-01-03,Debit Card,Completed
1743,2024-06-02,COD,Completed
1744,2023-12-15,Debit Card,Completed
1745,2025-06-17,Debit Card,Completed
1746,2024-10-28,UPI,Completed
1747,2023-11-12,UPI,Pending
1748,2024-02-20,UPI,Completed
1749,2024-02-09,UPI,Completed
1750,2024-12-23,Debit Card,Completed
1751,2023-12-30,Net Banking,Completed
1752,2023-06-10,UPI,Completed
1753,2024-05-25,UPI,Completed
1754,2023-05-07,UPI,Completed
1755,2023-10-30,UPI,Completed
1756,2023-06-26,Debit Card,Pending
1757,2023-09-05,UPI,Completed
1758,2024-09-19,COD,Completed
1759,2024-08-01,Debit Card,Pending
1760,2023-02-26,Debit Card,Completed
1761,2024-02-12,UPI,Completed
1762,2024-11-12,UPI,Completed
1763,2023-03-15,Credit Card,Completed
1764,2023-07-04,UPI,Completed
1765,2024-07-26,Credit Card,Completed
1766,2023-09-23,UPI,Completed
1767,2024-07-17,Net Banking,Completed
1768,2025-01-25,Debit Card,Completed
1769,2024-07-04,Net Banking,Pending
1770,2025-03-12,Net Banking,Completed
1771,2024-08-11,Credit Card,Pending
1772,2025-04-15,Net Banking,Completed
1773,2023-05-18,UPI,Completed
1774,2024-11-11,UPI,Completed
1775,2024-06-20,Debit Card,Completed
1776,2024-07-08,UPI,Completed
1777,2024-11-04,COD,Pending
1778,2023-10-10,Credit Card,Completed
1779,2023-11-18,Net Banking,Completed
1780,2024-09-09,Net Banking,Failed
1781,2024-06-01,UPI,Completed
1782,2024-07-10,COD,Completed
1783,2023-05-11,UPI,Completed
1784,2023-03-27,UPI,Completed
1785,2023-10-25,UPI,Pending
1786,2024-09-01,Credit Card,Completed
1787,2024-03-19,UPI,Completed
1788,2024-07-17,Credit Card,Pending
1789,2024-07-23,UPI,Completed
1790,2023-01-30,UPI,Completed
1791,2023-03-06,UPI,Completed
1792,2024-09-25,Debit Card,Completed
1793,2024-08-29,COD,Pending
1794,2025-03-19,Debit Card,Completed
1795,2023-11-12,UPI,Completed
1796,2023-04-01,Debit Card,Completed
1797,2025-04-23,UPI,Completed
1798,2025-02-18,Debit Card,Completed
1799,2023-09-15,UPI,Completed
1800,2023-04-28,Debit Card,Completed
1801,2024-12-21,COD,Failed
1802,2023-07-16,Credit Card,Completed
1803,2024-09-15,Net Banking,Completed
1804,2025-01-29,Net Banking,Completed
1805,2024-11-20,UPI,Completed
1806,2024-03-03,Debit Card,Completed
1807,2024-09-22,UPI,Completed
1808,2025-01-28,UPI,Completed
1809,2024-05-19,COD,Completed
1810,2024-03-06,COD,Completed
1811,2025-01-04,UPI,Completed
1812,2023-05-20,Net Banking,Completed
1813,2024-09-07,UPI,Completed
1814,2023-08-05,Debit Card,Completed
1815,2023-05-19,UPI,Completed
1816,2025-05-24,Debit Card,Failed
1817,2023-02-13,Debit Card,Completed
1818,2023-08-03,Net Banking,Completed
1819,2024-01-09,Credit Card,Completed
1820,2024-12-01,Credit Card,Completed
1821,2023-12-12,UPI,Completed
1822,2024-11-17,Credit Card,Completed
1823,2023-01-22,Credit Card,Completed
1824,2023-03-31,UPI,Completed
1825,2023-11-13,Credit Card,Pending
1826,2024-09-01,UPI,Completed
1827,2025-06-03,Credit Card,Completed
1828,2024-08-26,Debit Card,Completed
1829,2024-01-17,UPI,Completed
1830,2024-02-11,Net Banking,Completed
1831,2024-02-29,Debit Card,Completed
1832,2024-03-14,UPI,Completed
1833,2025-05-09,UPI,Completed
1834,2023-04-29,UPI,Completed
1835,2024-01-25,Debit Card,Completed
1836,2023-01-14,Credit Card,Completed
1837,2024-10-05,Net Banking,Completed
1838,2024-09-02,UPI,Completed
1839,2025-02-20,Debit Card,Completed
1840,2023-07-16,UPI,Completed
1841,2024-04-25,Net Banking,Completed
1842,2024-05-18,Credit Card,Completed
1843,2025-03-20,UPI,Failed
1844,2024-03-12,Credit Card,Pending
1845,2023-02-16,UPI,Completed
1846,2024-01-02,UPI,Completed
1847,2025-01-20,COD,Completed
1848,2024-08-25,Debit Card,Completed
1849,2023-07-18,UPI,Completed
1850,2024-11-27,Debit Card,Pending
1851,2025-03-18,Debit Card,Completed
1852,2025-05-27,Net Banking,Completed
1853,2023-02-19,Debit Card,Pending
1854,2023-07-17,UPI,Completed
1855,2024-08-11,UPI,Completed
1856,2023-12-17,Debit Card,Pending
1857,2023-10-12,Credit Card,Completed
1858,2023-09-26,Debit Card,Completed
1859,2025-04-07,Credit Card,Completed
1860,2023-11-16,UPI,Completed
1861,2025-01-10,UPI,Completed
1862,2023-04-14,UPI,Completed
1863,2023-09-01,COD,Completed
1864,2024-09-08,Credit Card,Completed
1865,2024-04-03,UPI,Pending
1866,2024-03-18,Net Banking,Completed
1867,2024-04-05,Debit Card,Completed
1868,2023-02-24,COD,Completed
1869,2025-03-08,COD,Failed
1870,2024-08-02,UPI,Completed
1871,2023-06-12,UPI,Completed
1872,2024-03-28,Debit Card,Completed
1873,2024-04-21,Net Banking,Completed
1874,2024-04-14,UPI,Pending
1875,2024-09-14,Debit Card,Completed
1876,2024-11-23,Credit Card,Completed
1877,2025-06-05,Net Banking,Completed
1878,2025-03-04,Net Banking,Completed
1879,2023-03-06,UPI,Completed
1880,2024-04-22,COD,Completed
1881,2024-03-28,UPI,Completed
1882,2023-12-07,Debit Card,Completed
1883,2023-05-30,UPI,Completed
1884,2023-08-01,UPI,Completed
1885,2024-03-08,Net Banking,Completed
1886,2024-02-22,COD,Completed
1887,2023-07-25,UPI,Completed
1888,2025-06-17,UPI,Completed
1889,2024-03-18,Debit Card,Completed
1890,2024-11-07,Credit Card,Completed
1891,2025-02-05,Credit Card,Completed
1892,2023-07-06,COD,Completed
1893,2024-10-20,Debit Card,Completed
1894,2024-12-13,Net Banking,Completed
1895,2023-08-06,UPI,Completed
1896,2025-06-18,Credit Card,Completed
1897,2023-01-11,Credit Card,Pending
1898,2024-09-29,Net Banking,Completed
1899,2023-10-22,COD,Pending
1900,2023-05-11,UPI,Failed
1901,2023-09-13,COD,Completed
1902,2023-11-11,Net Banking,Completed
1903,2024-04-22,UPI,Completed
1904,2024-12-15,Credit Card,Completed
1905,2023-01-24,UPI,Completed
1906,2024-04-14,Credit Card,Completed
1907,2023-03-08,UPI,Pending
1908,2024-01-17,COD,Completed
1909,2023-08-31,Credit Card,Completed
1910,2024-10-20,Net Banking,Pending
1911,2024-08-23,Debit Card,Completed
1912,2023-02-21,UPI,Completed
1913,2024-09-13,Credit Card,Completed
1914,2025-02-08,Credit Card,Completed
1915,2025-06-16,COD,Completed
1916,2024-01-14,UPI,Completed
1917,2023-02-27,Credit Card,Completed
1918,2025-02-03,Net Banking,Pending
1919,2024-09-05,COD,Completed
1920,2025-05-02,Credit Card,Completed
1921,2024-09-22,UPI,Failed
1922,2023-07-15,Net Banking,Pending
1923,2025-04-20,Debit Card,Completed
1924,2023-07-18,UPI,Completed
1925,2023-05-28,UPI,Completed
1926,2023-07-24,UPI,Completed
1927,2023-01-01,UPI,Completed
1928,2023-10-20,UPI,Completed
1929,2023-09-26,UPI,Completed
1930,2024-03-27,COD,Completed
1931,2024-01-04,UPI,Completed
1932,2025-01-21,Debit Card,Pending
1933,2025-02-09,Debit Card,Completed
1934,2023-01-09,UPI,Completed
1935,2023-04-07,Debit Card,Completed
1936,2025-04-22,COD,Pending
1937,2024-05-24,Credit Card,Completed
1938,2023-05-27,COD,Completed
1939,2023-01-23,Credit Card,Completed
1940,2024-06-24,Credit Card,Completed
1941,2025-02-18,UPI,Pending
1942,2024-11-06,Net Banking,Failed
1943,2023-06-06,UPI,Completed
1944,2023-05-25,Credit Card,Completed
1945,2023-06-24,UPI,Completed
1946,2025-05-31,Credit Card,Completed
1947,2024-11-07,UPI,Completed
1948,2025-01-07,Net Banking,Completed
1949,2024-03-26,Net Banking,Completed
1950,2025-06-04,UPI,Completed
1951,2023-06-29,UPI,Completed
1952,2024-01-21,UPI,Completed
1953,2025-01-09,Debit Card,Completed
1954,2025-03-15,Net Banking,Completed
1955,2024-03-29,UPI,Completed
1956,2024-02-03,Debit Card,Completed
1957,2023-08-19,Credit Card,Completed
1958,2023-11-15,Net Banking,Completed
1959,2024-09-30,UPI,Completed
1960,2025-05-18,Credit Card,Completed
1961,2024-06-26,COD,Completed
1962,2025-06-13,UPI,Completed
1963,2024-09-25,Credit Card,Completed
1964,2024-03-23,COD,Completed
1965,2023-10-12,UPI,Failed
1966,2023-01-21,Credit Card,Completed
1967,2025-06-09,UPI,Completed
1968,2024-05-02,Net Banking,Completed
1969,2024-09-24,Debit Card,Completed
1970,2025-04-24,Credit Card,Completed
1971,2024-10-10,Credit Card,Completed
1972,2024-09-24,UPI,Completed
1973,2024-11-01,Debit Card,Completed
1974,2024-04-19,COD,Completed
1975,2023-05-17,Credit Card,Completed
1976,2025-03-14,Debit Card,Completed
1977,2024-05-04,Debit Card,Completed
1978,2023-11-12,UPI,Failed
1979,2023-05-08,Credit Card,Completed
1980,2023-01-12,Credit Card,Completed
1981,2025-04-26,Credit Card,Completed
1982,2024-08-03,Credit Card,Completed
1983,2024-02-20,Net Banking,Completed
1984,2024-11-16,COD,Completed
1985,2024-03-22,UPI,Completed
1986,2024-09-08,Net Banking,Completed
1987,2024-03-30,COD,Completed
1988,2023-05-07,Net Banking,Completed
1989,2024-11-08,Credit Card,Completed
1990,2023-07-14,UPI,Failed
1991,2023-04-23,UPI,Completed
1992,2025-01-05,Debit Card,Completed
1993,2024-01-24,UPI,Completed
1994,2023-12-19,UPI,Pending
1995,2024-03-27,UPI,Completed
1996,2023-11-30,UPI,Completed
1997,2024-06-02,UPI,Completed
1998,2025-06-01,UPI,Completed
1999,2024-08-05,COD,Pending
2000,2023-10-25,Net Banking,Completed
2001,2025-05-21,Credit Card,Completed
2002,2024-03-02,Debit Card,Pending
2003,2024-08-03,UPI,Completed
2004,2024-06-24,UPI,Completed
2005,2023-01-11,Credit Card,Completed
2006,2025-02-04,Debit Card,Completed
2007,2024-02-14,UPI,Completed
2008,2024-10-18,Debit Card,Completed
2009,2025-02-23,UPI,Completed
2010,2024-10-24,UPI,Completed
2011,2025-03-22,Credit Card,Completed
2012,2024-08-31,UPI,Completed
2013,2024-10-18,UPI,Completed
2014,2023-09-12,Debit Card,Pending
2015,2023-01-21,Debit Card,Completed
2016,2023-02-18,Credit Card,Completed
2017,2023-08-11,Net Banking,Completed
2018,2024-04-09,Credit Card,Completed
2019,2023-07-03,UPI,Completed
2020,2024-02-06,Debit Card,Completed
2021,2024-07-01,Credit Card,Completed
2022,2023-11-23,UPI,Completed
2023,2023-06-21,Debit Card,Completed
2024,2024-07-02,UPI,Completed
2025,2025-02-26,Credit Card,Completed
2026,2025-01-06,Debit Card,Completed
2027,2023-03-07,Debit Card,Completed
2028,2023-06-17,Debit Card,Completed
2029,2023-08-17,Credit Card,Completed
2030,2024-05-16,UPI,Completed
2031,2025-05-17,Net Banking,Completed
2032,2024-07-22,UPI,Completed
2033,2023-06-29,UPI,Completed
2034,2024-11-24,UPI,Completed
2035,2023-11-01,UPI,Completed
2036,2023-04-20,UPI,Failed
2037,2025-03-21,UPI,Failed
2038,2024-03-21,UPI,Completed
2039,2025-03-12,UPI,Pending
2040,2024-07-20,Credit Card,Completed
2041,2024-05-11,UPI,Completed
2042,2023-12-23,Credit Card,Completed
2043,2025-04-16,COD,Pending
2044,2024-04-16,UPI,Completed
2045,2023-08-26,COD,Completed
2046,2024-09-03,Credit Card,Pending
2047,2024-11-06,UPI,Completed
2048,2023-03-01,UPI,Completed
2049,2024-01-18,UPI,Completed
2050,2023-03-24,Debit Card,Completed
2051,2023-07-29,Credit Card,Completed
2052,2024-09-30,UPI,Completed
2053,2023-10-11,UPI,Completed
2054,2024-03-06,UPI,Completed
2055,2023-09-17,UPI,Completed
2056,2023-05-24,Credit Card,Failed
2057,2025-04-21,UPI,Completed
2058,2024-06-30,COD,Completed
2059,2024-03-27,UPI,Completed
2060,2024-08-10,Debit Card,Completed
2061,2024-11-05,UPI,Completed
2062,2023-10-21,UPI,Completed
2063,2023-08-12,Debit Card,Completed
2064,2024-01-22,UPI,Completed
2065,2024-12-13,Credit Card,Completed
2066,2024-02-28,UPI,Failed
2067,2024-06-30,Net Banking,Pending
2068,2024-07-17,Debit Card,Completed
2069,2023-08-02,Net Banking,Completed
2070,2023-04-17,Debit Card,Failed
2071,2025-02-26,Debit Card,Completed
2072,2023-02-13,COD,Completed
2073,2025-06-10,Debit Card,Completed
2074,2024-07-24,COD,Completed
2075,2024-06-06,UPI,Completed
2076,2024-07-04,COD,Completed
2077,2023-12-04,Debit Card,Completed
2078,2024-04-11,Debit Card,Pending
2079,2023-04-12,Debit Card,Completed
2080,2024-08-31,COD,Completed
2081,2023-04-20,Credit Card,Completed
2082,2023-01-23,Debit Card,Pending
2083,2024-03-29,Debit Card,Completed
2084,2023-04-25,Debit Card,Completed
2085,2024-10-14,UPI,Completed
2086,2024-02-08,Net Banking,Completed
2087,2024-05-26,UPI,Completed
2088,2024-02-13,COD,Completed
2089,2023-04-06,COD,Completed
2090,2023-03-12,Debit Card,Completed
2091,2024-09-04,UPI,Completed
2092,2023-02-27,Credit Card,Pending
2093,2024-05-15,UPI,Completed
2094,2025-03-05,Debit Card,Completed
2095,2024-01-10,COD,Completed
2096,2024-03-22,UPI,Completed
2097,2024-11-02,Debit Card,Completed
2098,2025-02-15,UPI,Pending
2099,2023-12-21,UPI,Completed
2100,2023-12-27,UPI,Completed
2101,2023-07-05,Debit Card,Completed
2102,2025-06-14,Credit Card,Completed
2103,2024-11-19,Debit Card,Completed
2104,2024-03-06,Net Banking,Pending
2105,2024-09-02,COD,Failed
2106,2024-02-19,Debit Card,Completed
2107,2024-01-13,UPI,Completed
2108,2024-11-16,UPI,Completed
2109,2024-07-24,Debit Card,Completed
2110,2023-12-20,Credit Card,Completed
2111,2023-09-26,UPI,Completed
2112,2023-11-27,COD,Completed
2113,2023-04-28,COD,Completed
2114,2023-02-04,UPI,Completed
2115,2023-10-04,Debit Card,Pending
2116,2024-08-03,UPI,Failed
2117,2024-03-20,Debit Card,Completed
2118,2024-03-02,Credit Card,Completed
2119,2024-02-27,COD,Completed
2120,2025-01-07,UPI,Completed
2121,2024-06-09,Debit Card,Completed
2122,2024-11-29,Net Banking,Completed
2123,2023-10-27,Net Banking,Pending
2124,2024-02-10,Debit Card,Completed
2125,2023-08-03,Credit Card,Completed
2126,2023-11-16,Debit Card,Pending
2127,2024-08-08,Credit Card,Pending
2128,2025-02-01,COD,Completed
2129,2025-01-08,UPI,Completed
2130,2024-02-20,UPI,Completed
2131,2025-03-25,UPI,Completed
2132,2024-01-19,UPI,Completed
2133,2023-04-03,UPI,Completed
2134,2023-01-03,Credit Card,Completed
2135,2025-01-13,UPI,Completed
2136,2024-01-31,Debit Card,Completed
2137,2024-07-18,Debit Card,Completed
2138,2023-06-05,Credit Card,Completed
2139,2023-03-05,Credit Card,Completed
2140,2023-10-08,COD,Completed
2141,2023-01-29,COD,Completed
2142,2023-11-05,COD,Completed
2143,2025-05-13,UPI,Failed
2144,2024-03-28,Net Banking,Completed
2145,2023-02-15,UPI,Completed
2146,2024-08-21,Net Banking,Completed
2147,2023-10-22,Credit Card,Completed
2148,2023-10-10,Credit Card,Completed
2149,2024-05-05,UPI,Completed
2150,2023-12-12,Credit Card,Completed
2151,2023-12-15,Debit Card,Completed
2152,2024-12-10,Net Banking,Failed
2153,2024-09-08,COD,Completed
2154,2024-06-23,UPI,Pending
2155,2024-04-06,Credit Card,Completed
2156,2024-03-13,Credit Card,Failed
2157,2024-04-27,UPI,Pending
2158,2023-10-18,Debit Card,Completed
2159,2025-06-18,COD,Completed
2160,2023-09-06,COD,Completed
2161,2023-01-28,UPI,Completed
2162,2023-07-27,Credit Card,Completed
2163,2023-07-31,Credit Card,Pending
2164,2024-06-27,Net Banking,Completed
2165,2025-04-18,UPI,Completed
2166,2023-11-02,Debit Card,Completed
2167,2023-06-09,UPI,Pending
2168,2024-05-13,UPI,Completed
2169,2024-04-06,UPI,Completed
2170,2023-05-24,UPI,Pending
2171,2024-10-22,Debit Card,Completed
2172,2023-09-27,Net Banking,Completed
2173,2025-05-14,UPI,Completed
2174,2024-02-06,COD,Completed
2175,2025-03-30,COD,Completed
2176,2025-06-07,Credit Card,Completed
2177,2024-03-20,Debit Card,Completed
2178,2025-05-25,COD,Completed
2179,2023-04-26,COD,Completed
2180,2024-09-20,Net Banking,Pending
2181,2024-08-28,UPI,Completed
2182,2023-02-28,COD,Completed
2183,2024-02-02,UPI,Completed
2184,2023-08-01,UPI,Pending
2185,2024-01-27,Debit Card,Pending
2186,2024-04-06,Net Banking,Completed
2187,2025-05-29,COD,Completed
2188,2025-03-22,UPI,Completed
2189,2024-02-16,Debit Card,Completed
2190,2024-12-01,Credit Card,Completed
2191,2023-12-09,Credit Card,Completed
2192,2023-10-01,Credit Card,Completed
2193,2023-08-31,Debit Card,Failed
2194,2024-11-29,Credit Card,Completed
2195,2024-06-27,Credit Card,Completed
2196,2023-07-13,UPI,Completed
2197,2024-11-27,Debit Card,Pending
2198,2025-05-28,UPI,Completed
2199,2024-07-22,Debit Card,Completed
2200,2025-03-28,Credit Card,Completed
2201,2025-06-19,UPI,Completed
2202,2024-02-29,UPI,Completed
2203,2025-06-13,UPI,Completed
2204,2023-01-09,Credit Card,Completed
2205,2024-05-24,UPI,Completed
2206,2024-07-27,Debit Card,Completed
2207,2024-02-04,Credit Card,Completed
2208,2024-09-18,Net Banking,Pending
2209,2024-09-20,Credit Card,Completed
2210,2024-01-03,COD,Completed
2211,2023-03-11,Debit Card,Completed
2212,2023-02-14,Credit Card,Completed
2213,2023-12-30,UPI,Completed
2214,2024-01-16,COD,Completed
2215,2024-03-21,Credit Card,Completed
2216,2025-03-16,UPI,Completed
2217,2025-04-23,UPI,Completed
2218,2024-01-16,Debit Card,Completed
2219,2023-05-07,UPI,Completed
2220,2023-08-01,UPI,Completed
2221,2023-08-30,Credit Card,Completed
2222,2024-02-21,Credit Card,Completed
2223,2024-01-20,UPI,Completed
2224,2024-09-07,Debit Card,Failed
2225,2024-10-06,UPI,Completed
2226,2024-04-16,UPI,Pending
2227,2025-05-06,Credit Card,Completed
2228,2023-05-01,UPI,Completed
2229,2024-04-08,Net Banking,Completed
2230,2025-03-10,Credit Card,Completed
2231,2024-10-16,UPI,Completed
2232,2024-03-01,UPI,Completed
2233,2024-12-11,Credit Card,Completed
2234,2025-05-28,Debit Card,Completed
2235,2023-12-05,Credit Card,Completed
2236,2024-07-21,COD,Completed
2237,2023-02-16,UPI,Completed
2238,2024-10-25,UPI,Completed
2239,2025-01-14,Credit Card,Completed
2240,2023-03-04,COD,Completed
2241,2024-05-30,Debit Card,Completed
2242,2024-09-20,Debit Card,Completed
2243,2023-08-18,UPI,Completed
2244,2024-02-01,Net Banking,Completed
2245,2023-10-09,Credit Card,Completed
2246,2023-05-25,Credit Card,Completed
2247,2024-03-05,UPI,Completed
2248,2025-05-08,UPI,Completed
2249,2024-08-25,UPI,Completed
2250,2024-12-28,UPI,Completed
2251,2024-02-19,Debit Card,Completed
2252,2023-04-05,Debit Card,Completed
2253,2023-09-18,Credit Card,Completed
2254,2023-06-28,UPI,Completed
2255,2023-04-03,UPI,Failed
2256,2024-06-05,UPI,Completed
2257,2024-06-18,UPI,Pending
2258,2023-07-18,UPI,Completed
2259,2023-07-20,Credit Card,Completed
2260,2024-09-17,Net Banking,Failed
2261,2025-03-26,UPI,Completed
2262,2023-07-18,Debit Card,Completed
2263,2024-08-06,Debit Card,Completed
2264,2023-06-25,UPI,Completed
2265,2025-05-29,Net Banking,Completed
2266,2023-05-30,UPI,Completed
2267,2023-09-11,Debit Card,Completed
2268,2023-12-22,UPI,Completed
2269,2024-05-25,UPI,Completed
2270,2025-01-01,Credit Card,Completed
2271,2023-03-10,Debit Card,Pending
2272,2024-04-13,UPI,Completed
2273,2024-03-05,Debit Card,Completed
2274,2023-01-01,Credit Card,Completed
2275,2025-02-14,COD,Completed
2276,2023-11-20,Debit Card,Completed
2277,2023-08-05,Debit Card,Failed
2278,2025-01-26,Debit Card,Completed
2279,2024-06-29,Net Banking,Pending
2280,2024-01-17,Credit Card,Failed
2281,2024-12-20,Debit Card,Completed
2282,2023-08-15,UPI,Completed
2283,2023-03-03,UPI,Completed
2284,2024-02-21,Debit Card,Completed
2285,2024-06-22,COD,Completed
2286,2024-11-03,Credit Card,Pending
2287,2025-01-09,Credit Card,Completed
2288,2024-01-28,Credit Card,Completed
2289,2023-08-04,UPI,Completed
2290,2024-06-10,UPI,Completed
2291,2024-06-07,COD,Completed
2292,2024-02-02,Net Banking,Completed
2293,2023-04-27,UPI,Pending
2294,2023-04-12,UPI,Failed
2295,2023-04-23,UPI,Completed
2296,2024-06-22,Credit Card,Completed
2297,2024-02-03,UPI,Completed
2298,2025-04-04,UPI,Pending
2299,2024-01-31,UPI,Completed
2300,2023-07-13,UPI,Completed
2301,2025-03-29,UPI,Completed
2302,2024-06-21,UPI,Completed
2303,2024-09-30,UPI,Pending
2304,2024-09-18,COD,Completed
2305,2025-05-07,COD,Completed
2306,2025-05-08,Net Banking,Completed
2307,2023-11-25,UPI,Completed
2308,2024-01-16,Debit Card,Completed
2309,2024-11-18,UPI,Completed
2310,2024-07-08,COD,Completed
2311,2025-02-25,Debit Card,Completed
2312,2024-09-26,UPI,Completed
2313,2023-08-31,Debit Card,Completed
2314,2023-03-13,UPI,Completed
2315,2023-10-16,UPI,Completed
2316,2024-05-25,COD,Completed
2317,2024-12-08,UPI,Completed
2318,2023-07-23,Credit Card,Completed
2319,2023-01-01,Credit Card,Completed
2320,2024-02-18,COD,Completed
2321,2024-03-22,UPI,Completed
2322,2023-03-02,UPI,Pending
2323,2024-09-04,Net Banking,Completed
2324,2024-04-05,Net Banking,Completed
2325,2025-03-26,Credit Card,Completed
2326,2024-01-28,UPI,Completed
2327,2023-12-30,Credit Card,Completed
2328,2023-10-26,COD,Completed
2329,2025-03-26,Debit Card,Failed
2330,2024-12-06,Debit Card,Completed
2331,2023-12-10,Credit Card,Completed
2332,2025-04-20,Debit Card,Completed
2333,2023-02-06,UPI,Completed
2334,2023-12-23,UPI,Completed
2335,2025-02-27,UPI,Completed
2336,2025-04-21,Credit Card,Completed
2337,2023-03-09,Credit Card,Completed
2338,2023-12-21,Debit Card,Completed
2339,2025-06-15,UPI,Completed
2340,2024-01-05,Credit Card,Pending
2341,2024-11-17,Net Banking,Failed
2342,2024-06-02,Net Banking,Completed
2343,2023-04-27,Credit Card,Completed
2344,2024-08-29,Debit Card,Pending
2345,2024-01-03,Debit Card,Completed
2346,2024-09-19,Credit Card,Completed
2347,2023-12-02,Net Banking,Completed
2348,2025-03-23,Credit Card,Completed
2349,2023-03-04,UPI,Pending
2350,2025-01-10,Net Banking,Pending
2351,2024-01-11,UPI,Completed
2352,2024-06-17,Credit Card,Completed
2353,2023-12-12,UPI,Completed
2354,2023-03-03,UPI,Completed
2355,2024-02-07,COD,Completed
2356,2024-01-05,Credit Card,Completed
2357,2023-07-26,COD,Completed
2358,2024-08-24,COD,Pending
2359,2024-02-10,UPI,Completed
2360,2024-08-30,UPI,Failed
2361,2024-08-18,UPI,Completed
2362,2023-01-12,Credit Card,Completed
2363,2024-09-07,UPI,Completed
2364,2023-10-07,COD,Completed
2365,2025-02-22,Debit Card,Pending
2366,2024-07-08,COD,Completed
2367,2023-08-10,Credit Card,Pending
2368,2023-10-30,Debit Card,Completed
2369,2024-01-30,Credit Card,Completed
2370,2023-02-27,Net Banking,Completed
2371,2024-11-13,UPI,Completed
2372,2023-08-07,COD,Completed
2373,2024-05-17,Debit Card,Pending
2374,2023-11-15,Credit Card,Completed
2375,2024-11-19,Debit Card,Completed
2376,2023-01-20,Credit Card,Failed
2377,2024-09-18,COD,Completed
2378,2023-03-14,Net Banking,Completed
2379,2024-12-08,UPI,Completed
2380,2025-03-03,Debit Card,Completed
2381,2023-09-29,Credit Card,Completed
2382,2023-03-01,UPI,Completed
2383,2023-07-21,COD,Pending
2384,2023-05-15,COD,Completed
2385,2025-05-06,COD,Completed
2386,2023-07-15,UPI,Completed
2387,2025-01-03,Credit Card,Completed
2388,2025-06-18,UPI,Pending
2389,2024-07-07,COD,Completed
2390,2024-12-09,COD,Completed
2391,2024-10-04,UPI,Completed
2392,2023-03-17,COD,Completed
2393,2024-03-14,Net Banking,Completed
2394,2024-10-01,COD,Pending
2395,2023-11-14,UPI,Completed
2396,2024-06-09,UPI,Failed
2397,2024-07-09,Debit Card,Completed
2398,2025-05-22,COD,Completed
2399,2023-08-13,Debit Card,Pending
2400,2024-11-16,UPI,Completed
2401,2023-08-14,Debit Card,Pending
2402,2023-09-25,UPI,Completed
2403,2025-03-04,UPI,Completed
2404,2024-01-18,Debit Card,Completed
2405,2023-04-01,COD,Completed
2406,2023-03-17,UPI,Failed
2407,2024-09-10,UPI,Completed
2408,2024-10-19,UPI,Completed
2409,2025-03-15,UPI,Completed
2410,2025-03-21,COD,Completed
2411,2024-08-05,Credit Card,Completed
2412,2025-02-11,UPI,Completed
2413,2023-09-11,UPI,Completed
2414,2025-05-06,Credit Card,Completed
2415,2023-11-17,Net Banking,Completed
2416,2024-03-12,COD,Completed
2417,2024-07-15,UPI,Completed
2418,2023-02-13,Credit Card,Completed
2419,2024-10-06,Debit Card,Completed
2420,2025-04-10,Debit Card,Completed
2421,2023-09-09,Debit Card,Completed
2422,2025-01-17,Credit Card,Completed
2423,2025-03-21,Net Banking,Completed
2424,2024-06-05,Credit Card,Completed
2425,2023-08-24,COD,Completed
2426,2023-04-18,Debit Card,Completed
2427,2024-12-26,Debit Card,Pending
2428,2024-05-02,UPI,Completed
2429,2023-06-02,COD,Completed
2430,2025-05-26,COD,Completed
2431,2023-06-28,Net Banking,Completed
2432,2024-01-28,Net Banking,Completed
2433,2024-06-23,UPI,Completed
2434,2024-03-23,UPI,Completed
2435,2023-04-16,UPI,Failed
2436,2024-06-02,UPI,Completed
2437,2024-07-08,Debit Card,Completed
2438,2025-02-17,Credit Card,Completed
2439,2024-01-25,Debit Card,Completed
2440,2024-06-24,COD,Completed
2441,2023-09-14,UPI,Completed
2442,2024-07-26,Debit Card,Pending
2443,2025-01-04,UPI,Completed
2444,2025-03-06,Debit Card,Completed
2445,2023-08-23,Credit Card,Failed
2446,2024-12-04,Credit Card,Completed
2447,2024-01-21,UPI,Completed
2448,2025-01-24,UPI,Completed
2449,2023-03-30,UPI,Completed
2450,2023-11-22,Debit Card,Completed
2451,2024-05-20,UPI,Completed
2452,2024-06-27,Debit Card,Failed
2453,2024-12-22,UPI,Completed
2454,2024-06-05,Credit Card,Completed
2455,2025-06-05,UPI,Failed
2456,2023-02-24,COD,Completed
2457,2025-03-09,UPI,Failed
2458,2023-04-18,Credit Card,Completed
2459,2023-12-12,Debit Card,Completed
2460,2024-02-20,UPI,Completed
2461,2024-10-19,COD,Completed
2462,2023-11-01,Debit Card,Completed
2463,2023-12-13,Debit Card,Completed
2464,2025-03-29,UPI,Completed
2465,2024-12-23,UPI,Completed
2466,2025-02-15,Credit Card,Completed
2467,2024-10-20,Debit Card,Completed
2468,2025-01-17,Debit Card,Completed
2469,2023-12-13,UPI,Completed
2470,2025-06-06,Debit Card,Completed
2471,2023-05-11,Net Banking,Failed
2472,2023-01-25,Debit Card,Completed
2473,2024-01-18,Credit Card,Completed
2474,2024-06-13,COD,Completed
2475,2023-01-28,COD,Completed
2476,2023-01-04,UPI,Completed
2477,2023-01-12,UPI,Completed
2478,2023-10-22,Debit Card,Completed
2479,2023-07-31,UPI,Completed
2480,2025-03-18,Credit Card,Completed
2481,2024-01-12,COD,Completed
2482,2023-11-03,Net Banking,Completed
2483,2025-06-19,UPI,Failed
2484,2025-02-19,COD,Completed
2485,2025-04-09,Debit Card,Completed
2486,2023-06-28,UPI,Completed
2487,2024-04-03,UPI,Pending
2488,2023-10-19,Credit Card,Completed
2489,2023-07-19,UPI,Completed
2490,2024-02-02,Credit Card,Completed
2491,2023-11-06,UPI,Pending
2492,2023-10-02,Credit Card,Completed
2493,2024-09-06,UPI,Completed
2494,2023-11-22,Net Banking,Completed
2495,2025-05-11,Debit Card,Completed
2496,2024-08-17,Net Banking,Pending
2497,2024-02-23,Credit Card,Completed
2498,2023-08-02,UPI,Completed
2499,2023-12-13,UPI,Completed
2500,2025-03-30,UPI,Completed
2501,2023-07-17,COD,Completed
2502,2023-12-24,Credit Card,Completed
2503,2024-07-21,UPI,Completed
2504,2023-06-01,UPI,Completed
2505,2025-01-17,Credit Card,Completed
2506,2023-03-17,UPI,Completed
2507,2024-11-02,Credit Card,Completed
2508,2023-06-18,Debit Card,Pending
2509,2024-08-03,UPI,Completed
2510,2023-02-25,Net Banking,Completed
2511,2024-07-26,UPI,Completed
2512,2023-08-18,Debit Card,Completed
2513,2023-02-23,Credit Card,Completed
2514,2025-03-02,UPI,Completed
2515,2023-10-21,UPI,Completed
2516,2023-06-23,Credit Card,Pending
2517,2024-04-07,UPI,Completed
2518,2023-10-15,COD,Pending
2519,2024-01-14,COD,Completed
2520,2024-03-27,UPI,Completed
2521,2025-02-05,Debit Card,Completed
2522,2023-10-22,Credit Card,Completed
2523,2023-11-25,UPI,Completed
2524,2024-09-20,Credit Card,Pending
2525,2024-10-08,Credit Card,Completed
2526,2024-03-26,Debit Card,Pending
2527,2024-11-22,UPI,Pending
2528,2024-06-08,COD,Completed
2529,2025-01-17,COD,Completed
2530,2025-02-26,UPI,Completed
2531,2023-02-11,Net Banking,Failed
2532,2024-07-11,UPI,Pending
2533,2024-03-02,COD,Completed
2534,2024-09-21,Credit Card,Pending
2535,2024-12-29,Credit Card,Completed
2536,2024-05-31,COD,Completed
2537,2024-02-17,COD,Completed
2538,2025-05-25,COD,Completed
2539,2025-03-02,COD,Completed
2540,2023-01-26,UPI,Completed
2541,2024-01-05,Debit Card,Completed
2542,2023-06-08,Credit Card,Completed
2543,2023-10-25,Debit Card,Pending
2544,2025-03-03,Debit Card,Completed
2545,2024-09-28,Credit Card,Completed
2546,2023-07-11,Debit Card,Completed
2547,2024-03-26,UPI,Completed
2548,2023-06-18,Debit Card,Completed
2549,2024-08-06,Net Banking,Failed
2550,2024-08-15,Credit Card,Completed
2551,2023-04-16,UPI,Completed
2552,2025-04-16,UPI,Completed
2553,2023-12-01,UPI,Pending
2554,2023-08-14,Net Banking,Completed
2555,2023-08-19,UPI,Completed
2556,2023-02-14,COD,Completed
2557,2025-01-27,UPI,Completed
2558,2024-01-02,UPI,Pending
2559,2025-03-21,Credit Card,Completed
2560,2025-04-22,Debit Card,Completed
2561,2024-01-05,Debit Card,Completed
2562,2025-02-20,UPI,Completed
2563,2023-03-23,Credit Card,Pending
2564,2024-12-02,Net Banking,Failed
2565,2023-08-11,UPI,Completed
2566,2024-02-08,UPI,Completed
2567,2023-04-24,UPI,Completed
2568,2023-12-09,Credit Card,Completed
2569,2023-06-11,UPI,Pending
2570,2025-04-12,UPI,Completed
2571,2024-06-23,UPI,Completed
2572,2025-04-05,Credit Card,Completed
2573,2024-06-07,Debit Card,Failed
2574,2023-04-01,UPI,Completed
2575,2024-12-13,Credit Card,Failed
2576,2023-03-26,Debit Card,Completed
2577,2023-07-24,Net Banking,Completed
2578,2023-06-29,UPI,Completed
2579,2024-03-28,UPI,Completed
2580,2024-08-13,COD,Pending
2581,2025-04-10,Credit Card,Completed
2582,2024-10-25,COD,Completed
2583,2024-03-28,COD,Completed
2584,2025-05-01,Credit Card,Pending
2585,2024-02-08,Credit Card,Completed
2586,2025-01-23,COD,Completed
2587,2024-04-09,Credit Card,Completed
2588,2023-07-01,UPI,Completed
2589,2024-10-08,UPI,Completed
2590,2024-09-03,UPI,Completed
2591,2023-06-02,UPI,Completed
2592,2023-04-23,Debit Card,Completed
2593,2025-01-09,UPI,Completed
2594,2023-02-10,Debit Card,Completed
2595,2024-05-10,Net Banking,Completed
2596,2023-11-06,UPI,Completed
2597,2023-08-14,UPI,Completed
2598,2025-03-31,UPI,Completed
2599,2023-05-05,Debit Card,Completed
2600,2023-07-29,Credit Card,Completed
2601,2023-01-22,COD,Completed
2602,2024-10-28,UPI,Completed
2603,2025-03-06,Debit Card,Failed
2604,2023-03-30,UPI,Pending
2605,2025-04-26,UPI,Completed
2606,2023-11-29,UPI,Completed
2607,2024-04-08,Credit Card,Completed
2608,2023-03-11,COD,Completed
2609,2024-10-11,UPI,Completed
2610,2023-02-20,Net Banking,Completed
2611,2024-12-01,Net Banking,Pending
2612,2023-04-17,Net Banking,Completed
2613,2023-06-24,UPI,Completed
2614,2023-09-01,Debit Card,Completed
2615,2024-08-31,COD,Completed
2616,2024-04-16,COD,Completed
2617,2024-08-17,Net Banking,Completed
2618,2023-03-05,UPI,Completed
2619,2023-03-20,Credit Card,Completed
2620,2024-06-14,Credit Card,Completed
2621,2024-05-16,Net Banking,Completed
2622,2024-05-18,Debit Card,Completed
2623,2024-10-27,UPI,Pending
2624,2024-10-07,Debit Card,Completed
2625,2023-08-20,COD,Completed
2626,2024-08-18,UPI,Completed
2627,2025-01-12,Debit Card,Completed
2628,2024-10-27,Debit Card,Completed
2629,2024-06-16,Credit Card,Completed
2630,2025-03-22,Credit Card,Completed
2631,2025-03-29,Net Banking,Completed
2632,2025-04-04,Debit Card,Pending
2633,2023-02-02,UPI,Completed
2634,2023-06-13,UPI,Completed
2635,2023-09-21,UPI,Pending
2636,2023-05-12,UPI,Completed
2637,2023-10-12,UPI,Completed
2638,2023-12-03,UPI,Completed
2639,2024-12-28,Debit Card,Completed
2640,2025-03-05,UPI,Completed
2641,2025-05-18,COD,Failed
2642,2023-07-09,UPI,Completed
2643,2024-01-10,Debit Card,Failed
2644,2023-07-22,UPI,Completed
2645,2025-05-03,COD,Completed
2646,2023-02-28,Debit Card,Pending
2647,2024-12-22,UPI,Completed
2648,2024-08-14,UPI,Completed
2649,2025-01-27,Debit Card,Completed
2650,2025-02-22,Credit Card,Completed
2651,2023-05-19,Net Banking,Completed
2652,2025-03-03,Net Banking,Pending
2653,2023-02-21,Credit Card,Completed
2654,2023-03-12,COD,Completed
2655,2024-07-30,Net Banking,Completed
2656,2025-05-26,UPI,Completed
2657,2024-05-23,Net Banking,Completed
2658,2024-03-10,Debit Card,Completed
2659,2023-09-24,Debit Card,Completed
2660,2023-10-28,UPI,Completed
2661,2024-06-30,Net Banking,Completed
2662,2024-12-15,COD,Completed
2663,2024-02-08,Net Banking,Completed
2664,2025-05-06,UPI,Completed
2665,2025-06-05,Net Banking,Completed
2666,2023-08-13,COD,Completed
2667,2024-07-23,Credit Card,Completed
2668,2024-08-08,COD,Pending
2669,2023-01-21,UPI,Completed
2670,2024-11-19,UPI,Completed
2671,2024-09-21,Net Banking,Pending
2672,2025-03-05,Debit Card,Completed
2673,2024-09-05,Debit Card,Completed
2674,2023-08-19,Credit Card,Pending
2675,2024-06-22,UPI,Completed
2676,2023-01-01,COD,Completed
2677,2025-05-17,UPI,Completed
2678,2023-04-25,Credit Card,Completed
2679,2024-11-21,UPI,Completed
2680,2023-12-19,UPI,Completed
2681,2023-10-08,Debit Card,Completed
2682,2023-06-02,Credit Card,Completed
2683,2023-05-10,UPI,Completed
2684,2023-08-19,Debit Card,Pending
2685,2024-10-12,UPI,Completed
2686,2025-06-05,Net Banking,Completed
2687,2024-12-21,UPI,Pending
2688,2025-04-22,UPI,Failed
2689,2024-10-30,COD,Completed
2690,2024-11-26,UPI,Completed
2691,2024-02-23,UPI,Pending
2692,2024-12-12,Debit Card,Completed
2693,2023-10-13,Net Banking,Pending
2694,2023-04-12,UPI,Completed
2695,2024-12-04,COD,Completed
2696,2023-08-02,Credit Card,Completed
2697,2023-03-10,Net Banking,Completed
2698,2024-09-02,COD,Completed
2699,2024-03-07,Debit Card,Completed
2700,2024-03-07,Debit Card,Failed
2701,2025-05-06,Credit Card,Completed
2702,2024-09-28,COD,Completed
2703,2023-10-15,Debit Card,Completed
2704,2024-07-23,Net Banking,Completed
2705,2023-05-20,COD,Completed
2706,2024-11-25,Debit Card,Completed
2707,2023-09-13,Debit Card,Completed
2708,2025-05-01,UPI,Completed
2709,2025-01-23,UPI,Completed
2710,2024-07-18,Net Banking,Completed
2711,2025-04-21,Credit Card,Completed
2712,2023-12-03,Credit Card,Completed
2713,2025-01-27,Debit Card,Completed
2714,2024-06-03,Debit Card,Completed
2715,2025-01-08,Net Banking,Completed
2716,2025-03-03,Credit Card,Completed
2717,2023-05-21,Debit Card,Completed
2718,2023-11-10,UPI,Pending
2719,2023-09-25,Credit Card,Completed
2720,2024-09-30,UPI,Completed
2721,2025-03-27,COD,Completed
2722,2024-05-08,UPI,Completed
2723,2023-08-29,COD,Completed
2724,2023-01-30,COD,Failed
2725,2023-04-12,Debit Card,Completed
2726,2023-07-28,Debit Card,Completed
2727,2024-07-13,COD,Completed
2728,2023-09-05,Net Banking,Completed
2729,2024-06-07,Credit Card,Completed
2730,2024-08-18,Credit Card,Completed
2731,2024-12-29,UPI,Completed
2732,2024-05-01,Credit Card,Completed
2733,2024-06-12,UPI,Completed
2734,2024-03-11,Credit Card,Failed
2735,2025-02-26,UPI,Failed
2736,2025-02-09,UPI,Completed
2737,2023-06-26,COD,Completed
2738,2023-03-16,Credit Card,Completed
2739,2023-11-03,Net Banking,Completed
2740,2024-10-16,Credit Card,Completed
2741,2024-02-12,Net Banking,Completed
2742,2024-04-19,COD,Completed
2743,2023-01-29,UPI,Completed
2744,2023-09-23,UPI,Completed
2745,2023-04-02,Credit Card,Completed
2746,2023-01-21,COD,Completed
2747,2025-03-09,Debit Card,Completed
2748,2024-08-11,UPI,Completed
2749,2023-04-21,UPI,Completed
2750,2025-03-17,Debit Card,Completed
2751,2025-03-26,Credit Card,Completed
2752,2024-01-01,COD,Completed
2753,2023-08-13,UPI,Completed
2754,2023-06-26,Credit Card,Completed
2755,2023-07-18,Credit Card,Completed
2756,2024-09-17,UPI,Completed
2757,2024-05-11,Credit Card,Completed
2758,2023-09-11,Net Banking,Completed
2759,2023-01-23,UPI,Completed
2760,2024-10-01,Credit Card,Completed
2761,2024-08-26,Net Banking,Completed
2762,2025-03-28,Debit Card,Pending
2763,2025-05-15,UPI,Completed
2764,2023-10-21,COD,Completed
2765,2023-05-07,Credit Card,Completed
2766,2024-02-04,Credit Card,Completed
2767,2024-08-02,Net Banking,Completed
2768,2023-02-28,Credit Card,Completed
2769,2025-03-09,Debit Card,Completed
2770,2023-08-20,UPI,Completed
2771,2023-05-17,COD,Pending
2772,2024-04-10,Net Banking,Completed
2773,2025-03-09,UPI,Completed
2774,2023-06-18,Debit Card,Completed
2775,2025-03-23,COD,Completed
2776,2024-06-20,Debit Card,Completed
2777,2023-01-16,UPI,Pending
2778,2024-09-14,UPI,Completed
2779,2024-05-26,Debit Card,Completed
2780,2024-04-01,UPI,Completed
2781,2025-05-15,COD,Completed
2782,2024-10-21,Debit Card,Completed
2783,2023-06-14,UPI,Completed
2784,2024-09-04,UPI,Completed
2785,2023-09-24,Net Banking,Pending
2786,2023-06-09,Debit Card,Completed
2787,2024-08-29,UPI,Pending
2788,2025-03-24,UPI,Pending
2789,2025-03-29,Debit Card,Completed
2790,2023-01-15,Net Banking,Completed
2791,2023-11-02,Credit Card,Pending
2792,2023-09-22,Credit Card,Completed
2793,2023-04-13,Debit Card,Failed
2794,2023-03-04,Debit Card,Completed
2795,2024-06-12,UPI,Completed
2796,2024-09-08,UPI,Completed
2797,2024-02-25,UPI,Completed
2798,2023-04-08,Debit Card,Failed
2799,2023-01-13,Credit Card,Failed
2800,2024-06-13,UPI,Completed
2801,2025-05-19,UPI,Completed
2802,2024-07-21,Debit Card,Completed
2803,2024-03-27,UPI,Completed
2804,2023-01-06,Debit Card,Completed
2805,2024-12-02,Debit Card,Completed
2806,2024-06-05,COD,Completed
2807,2025-05-04,Debit Card,Completed
2808,2025-02-07,Credit Card,Completed
2809,2024-10-19,Debit Card,Completed
2810,2023-03-21,UPI,Completed
2811,2024-03-23,COD,Completed
2812,2023-10-10,UPI,Completed
2813,2024-06-20,COD,Completed
2814,2024-03-12,Debit Card,Pending
2815,2023-04-17,COD,Completed
2816,2023-08-26,Credit Card,Completed
2817,2024-04-26,Net Banking,Completed
2818,2025-02-20,COD,Completed
2819,2023-04-22,Net Banking,Completed
2820,2024-10-10,Net Banking,Completed
2821,2024-07-06,Debit Card,Completed
2822,2024-03-11,UPI,Completed
2823,2024-10-06,COD,Completed
2824,2024-09-27,UPI,Completed
2825,2023-02-07,UPI,Completed
2826,2024-05-24,Debit Card,Completed
2827,2025-02-09,Debit Card,Completed
2828,2023-09-14,COD,Completed
2829,2024-03-01,UPI,Failed
2830,2024-09-28,Debit Card,Completed
2831,2023-04-19,Credit Card,Completed
2832,2023-11-16,UPI,Completed
2833,2024-03-08,UPI,Completed
2834,2023-10-20,Debit Card,Completed
2835,2024-11-15,Credit Card,Completed
2836,2023-10-08,COD,Completed
2837,2023-11-25,Credit Card,Completed
2838,2023-10-20,COD,Completed
2839,2025-06-15,Net Banking,Completed
2840,2024-05-23,COD,Completed
2841,2024-10-14,UPI,Completed
2842,2025-05-10,UPI,Completed
2843,2024-02-17,Net Banking,Completed
2844,2025-02-19,Debit Card,Failed
2845,2023-10-05,COD,Failed
2846,2023-06-20,Credit Card,Completed
2847,2024-06-28,UPI,Completed
2848,2024-01-21,Debit Card,Completed
2849,2024-10-09,UPI,Completed
2850,2024-06-20,Credit Card,Completed
2851,2023-12-29,UPI,Completed
2852,2023-07-10,Net Banking,Completed
2853,2025-01-06,UPI,Completed
2854,2023-10-10,Debit Card,Completed
2855,2023-06-12,Credit Card,Completed
2856,2024-07-10,Credit Card,Completed
2857,2024-04-06,UPI,Completed
2858,2025-04-04,COD,Completed
2859,2024-08-23,Debit Card,Completed
2860,2024-02-24,UPI,Completed
2861,2024-05-10,Net Banking,Failed
2862,2023-11-01,UPI,Completed
2863,2023-05-05,UPI,Failed
2864,2023-04-30,UPI,Completed
2865,2024-09-27,UPI,Completed
2866,2023-10-09,Net Banking,Completed
2867,2023-03-28,COD,Completed
2868,2024-09-07,Debit Card,Completed
2869,2025-05-29,Credit Card,Completed
2870,2023-02-16,Net Banking,Completed
2871,2024-09-22,Debit Card,Completed
2872,2023-07-21,UPI,Completed
2873,2023-01-14,UPI,Pending
2874,2024-12-29,UPI,Completed
2875,2024-10-23,UPI,Completed
2876,2023-05-29,COD,Pending
2877,2024-06-24,Credit Card,Completed
2878,2025-01-21,Debit Card,Completed
2879,2023-05-04,Debit Card,Completed
2880,2024-04-13,COD,Completed
2881,2024-05-23,UPI,Completed
2882,2023-01-28,UPI,Completed
2883,2023-02-03,UPI,Completed
2884,2024-02-18,COD,Completed
2885,2023-04-27,Credit Card,Completed
2886,2023-08-03,Debit Card,Completed
2887,2024-11-15,Debit Card,Completed
2888,2024-03-01,UPI,Completed
2889,2025-06-02,UPI,Completed
2890,2025-06-12,COD,Completed
2891,2023-12-21,Credit Card,Failed
2892,2025-06-04,UPI,Completed
2893,2025-03-11,Credit Card,Completed
2894,2023-06-07,Credit Card,Completed
2895,2024-11-01,UPI,Pending
2896,2024-11-20,COD,Completed
2897,2023-07-16,Credit Card,Completed
2898,2023-05-09,COD,Completed
2899,2025-01-24,Credit Card,Completed
2900,2024-06-02,UPI,Completed
2901,2023-01-03,UPI,Completed
2902,2023-12-09,Debit Card,Completed
2903,2023-06-02,COD,Failed
2904,2023-12-25,COD,Completed
2905,2023-12-13,UPI,Completed
2906,2023-06-11,UPI,Completed
2907,2023-01-30,Net Banking,Completed
2908,2023-05-11,Credit Card,Completed
2909,2024-10-12,Net Banking,Pending
2910,2023-03-13,UPI,Completed
2911,2025-03-19,Net Banking,Completed
2912,2024-08-08,COD,Completed
2913,2023-10-10,UPI,Completed
2914,2023-02-06,Credit Card,Completed
2915,2025-01-22,UPI,Failed
2916,2024-10-11,UPI,Completed
2917,2024-06-20,COD,Completed
2918,2023-01-31,Net Banking,Completed
2919,2025-04-24,Net Banking,Completed
2920,2025-04-13,Net Banking,Completed
2921,2024-08-15,UPI,Completed
2922,2024-04-07,COD,Completed
2923,2025-01-30,Net Banking,Completed
2924,2024-09-22,UPI,Completed
2925,2024-03-23,Debit Card,Completed
2926,2023-07-27,Net Banking,Completed
2927,2023-01-08,Debit Card,Completed
2928,2023-12-04,Credit Card,Completed
2929,2024-12-04,COD,Completed
2930,2023-05-04,Debit Card,Completed
2931,2023-07-13,UPI,Completed
2932,2024-11-30,Credit Card,Completed
2933,2025-06-13,Credit Card,Completed
2934,2025-04-13,Credit Card,Completed
2935,2023-03-31,Net Banking,Completed
2936,2023-05-20,UPI,Completed
2937,2024-12-08,UPI,Pending
2938,2024-10-17,Credit Card,Completed
2939,2025-04-01,UPI,Completed
2940,2024-04-27,Credit Card,Completed
2941,2024-11-26,Debit Card,Pending
2942,2024-09-21,UPI,Completed
2943,2024-11-26,UPI,Completed
2944,2024-04-18,UPI,Completed
2945,2023-02-02,COD,Completed
2946,2023-05-10,Debit Card,Completed
2947,2024-09-12,COD,Completed
2948,2024-03-31,Net Banking,Completed
2949,2024-07-12,UPI,Completed
2950,2025-01-20,COD,Completed
2951,2025-03-18,COD,Completed
2952,2025-04-10,COD,Completed
2953,2024-09-29,Debit Card,Pending
2954,2023-07-16,Debit Card,Completed
2955,2023-01-14,Net Banking,Completed
2956,2023-11-15,Debit Card,Completed
2957,2024-10-29,COD,Completed
2958,2023-04-05,Net Banking,Completed
2959,2023-06-07,COD,Completed
2960,2025-02-21,UPI,Completed
2961,2024-08-12,UPI,Pending
2962,2023-12-24,UPI,Completed
2963,2024-10-13,Debit Card,Completed
2964,2025-06-19,Credit Card,Completed
2965,2025-03-26,UPI,Completed
2966,2025-01-21,Net Banking,Completed
2967,2025-03-10,Debit Card,Completed
2968,2024-06-05,UPI,Completed
2969,2023-06-15,UPI,Completed
2970,2024-03-21,Credit Card,Completed
2971,2025-02-26,Debit Card,Completed
2972,2023-05-01,UPI,Completed
2973,2024-03-18,UPI,Pending
2974,2023-09-17,UPI,Completed
2975,2024-10-28,COD,Pending
2976,2025-05-05,COD,Completed
2977,2024-05-30,Net Banking,Pending
2978,2023-10-10,UPI,Completed
2979,2023-03-26,COD,Completed
2980,2024-06-05,UPI,Completed
2981,2024-09-19,Credit Card,Completed
2982,2025-04-07,UPI,Completed
2983,2024-01-18,Debit Card,Completed
2984,2024-10-23,COD,Completed
2985,2023-02-17,COD,Completed
2986,2025-03-20,Debit Card,Completed
2987,2024-12-11,Debit Card,Completed
2988,2023-03-05,UPI,Completed
2989,2024-01-04,UPI,Completed
2990,2023-08-28,UPI,Completed
2991,2023-02-10,UPI,Completed
2992,2023-01-05,COD,Completed
2993,2025-05-06,UPI,Completed
2994,2023-12-17,Net Banking,Completed
2995,2024-05-11,UPI,Completed
2996,2024-11-27,UPI,Completed
2997,2023-10-29,UPI,Completed
2998,2023-01-04,Debit Card,Completed
2999,2024-08-13,Debit Card,Completed
3000,2023-01-15,Net Banking,Completed
