customer_id,product_id,rating,review_text,review_date
286,43,4,Good product but delivery was delayed.,2023-06-27
271,1,4,Value for money.,2024-08-06
119,34,4,Very good quality and worth the price.,2023-02-14
61,109,5,Very good quality and worth the price.,2024-02-26
26,15,4,Very good quality and worth the price.,2025-03-08
462,100,5,Excellent product. Highly recommended.,2024-12-26
117,204,5,Amazing performance and easy to use.,2024-06-16
468,16,4,Exceeded my expectations.,2023-07-22
107,63,3,Excellent product. Highly recommended.,2023-04-29
402,70,4,Amazing performance and easy to use.,2023-03-30
301,236,5,Good product but delivery was delayed.,2025-04-12
482,296,3,Amazing performance and easy to use.,2024-06-24
229,273,5,Good product but delivery was delayed.,2024-02-13
354,38,5,Will definitely buy again.,2024-03-17
336,15,5,Will definitely buy again.,2025-05-09
126,177,3,Exceeded my expectations.,2024-09-06
160,83,5,Amazing performance and easy to use.,2023-10-29
185,39,4,Not satisfied with the quality.,2024-07-12
141,289,4,Average product. Could be better.,2023-01-01
180,281,5,Exceeded my expectations.,2024-07-21
293,79,4,Value for money.,2025-04-25
176,264,3,Will definitely buy again.,2023-01-26
259,294,4,Excellent product. Highly recommended.,2023-07-30
106,105,3,Good product but delivery was delayed.,2025-05-25
294,78,3,Excellent product. Highly recommended.,2023-04-07
299,223,3,Average product. Could be better.,2023-06-26
439,123,5,Not satisfied with the quality.,2024-11-29
465,70,5,Amazing performance and easy to use.,2025-01-29
187,78,4,Fast delivery and nice packaging.,2024-09-11
385,231,5,Very good quality and worth the price.,2024-06-06
79,124,5,Amazing performance and easy to use.,2025-03-29
361,286,3,Amazing performance and easy to use.,2025-01-13
366,265,4,Exceeded my expectations.,2024-05-01
167,134,5,Average product. Could be better.,2023-11-11
376,260,4,Value for money.,2024-09-27
317,214,3,Very good quality and worth the price.,2025-03-08
322,128,5,Will definitely buy again.,2023-06-09
132,59,3,Average product. Could be better.,2024-05-22
334,94,5,Very good quality and worth the price.,2023-04-15
94,135,4,Will definitely buy again.,2023-03-03
438,4,5,Very good quality and worth the price.,2025-04-08
352,173,5,Fast delivery and nice packaging.,2024-11-25
135,138,3,Excellent product. Highly recommended.,2024-10-30
205,286,4,Not satisfied with the quality.,2024-07-29
137,163,3,Not satisfied with the quality.,2024-04-14
321,28,4,Exceeded my expectations.,2025-01-29
421,299,4,Average product. Could be better.,2024-12-14
453,51,5,Value for money.,2024-02-14
484,180,4,Very good quality and worth the price.,2025-06-16
433,148,2,Very good quality and worth the price.,2024-06-21
219,252,4,Very good quality and worth the price.,2023-09-17
59,173,5,Exceeded my expectations.,2023-01-29
421,67,4,Good product but delivery was delayed.,2023-11-11
58,177,3,Very good quality and worth the price.,2024-11-21
251,1,5,Amazing performance and easy to use.,2023-11-01
333,131,1,Excellent product. Highly recommended.,2025-01-06
156,156,5,Excellent product. Highly recommended.,2023-06-24
438,191,5,Exceeded my expectations.,2023-12-05
308,182,4,Average product. Could be better.,2023-06-06
314,121,3,Good product but delivery was delayed.,2024-05-02
241,95,3,Will definitely buy again.,2025-03-20
56,213,5,Not satisfied with the quality.,2023-05-31
61,143,5,Fast delivery and nice packaging.,2023-02-28
215,272,4,Value for money.,2024-10-27
322,112,3,Exceeded my expectations.,2025-04-17
63,165,5,Not satisfied with the quality.,2024-02-05
4,27,5,Average product. Could be better.,2023-01-24
105,181,5,Not satisfied with the quality.,2023-10-22
421,8,2,Very good quality and worth the price.,2023-05-23
354,5,2,Average product. Could be better.,2024-05-11
390,300,5,Very good quality and worth the price.,2024-07-15
27,105,5,Exceeded my expectations.,2023-06-07
345,58,2,Amazing performance and easy to use.,2023-07-28
326,188,2,Will definitely buy again.,2025-01-05
213,255,3,Amazing performance and easy to use.,2025-06-13
285,100,4,Not satisfied with the quality.,2024-07-05
111,157,3,Average product. Could be better.,2024-08-03
240,189,4,Average product. Could be better.,2024-11-14
69,61,4,Excellent product. Highly recommended.,2025-04-20
173,155,5,Average product. Could be better.,2024-08-01
360,276,3,Exceeded my expectations.,2024-02-28
239,60,4,Amazing performance and easy to use.,2024-04-06
66,62,3,Very good quality and worth the price.,2024-10-04
332,299,3,Will definitely buy again.,2023-01-20
330,5,3,Not satisfied with the quality.,2024-12-04
375,149,3,Excellent product. Highly recommended.,2024-04-09
265,37,5,Fast delivery and nice packaging.,2024-09-04
22,174,5,Exceeded my expectations.,2024-12-31
266,182,5,Amazing performance and easy to use.,2024-07-17
130,100,4,Very good quality and worth the price.,2023-05-06
483,237,5,Will definitely buy again.,2023-02-22
380,267,3,Very good quality and worth the price.,2023-05-28
359,110,3,Exceeded my expectations.,2024-03-19
426,93,4,Very good quality and worth the price.,2023-10-17
392,97,5,Fast delivery and nice packaging.,2024-08-24
453,31,4,Average product. Could be better.,2024-10-14
160,74,2,Value for money.,2025-02-07
254,221,4,Average product. Could be better.,2025-03-26
159,151,3,Amazing performance and easy to use.,2023-10-02
30,271,4,Amazing performance and easy to use.,2025-05-04
158,125,4,Not satisfied with the quality.,2024-07-28
352,119,5,Good product but delivery was delayed.,2025-03-26
465,127,5,Average product. Could be better.,2023-10-15
21,139,5,Excellent product. Highly recommended.,2025-03-29
329,109,3,Average product. Could be better.,2023-02-02
157,51,3,Not satisfied with the quality.,2025-05-26
324,166,4,Very good quality and worth the price.,2025-02-27
333,254,4,Average product. Could be better.,2024-05-09
188,218,2,Value for money.,2024-11-23
171,266,4,Very good quality and worth the price.,2024-11-22
150,211,4,Amazing performance and easy to use.,2023-07-09
185,233,3,Amazing performance and easy to use.,2024-11-24
478,5,4,Very good quality and worth the price.,2024-03-01
300,74,5,Value for money.,2024-12-22
167,193,5,Value for money.,2024-09-12
345,226,4,Exceeded my expectations.,2023-08-03
444,23,4,Fast delivery and nice packaging.,2024-06-18
5,27,4,Will definitely buy again.,2023-02-10
57,118,2,Not satisfied with the quality.,2023-12-06
463,241,4,Amazing performance and easy to use.,2025-04-04
240,70,4,Average product. Could be better.,2024-02-17
133,99,4,Exceeded my expectations.,2024-04-10
47,204,5,Fast delivery and nice packaging.,2024-01-18
297,253,4,Will definitely buy again.,2024-06-19
472,122,5,Exceeded my expectations.,2023-09-05
196,136,4,Value for money.,2024-04-28
349,275,5,Value for money.,2024-12-03
96,21,5,Good product but delivery was delayed.,2023-06-18
319,196,4,Average product. Could be better.,2025-04-25
18,279,4,Excellent product. Highly recommended.,2023-11-25
161,24,3,Will definitely buy again.,2023-11-09
357,262,5,Exceeded my expectations.,2023-11-07
172,242,5,Not satisfied with the quality.,2024-09-06
142,269,5,Very good quality and worth the price.,2024-07-28
149,193,4,Amazing performance and easy to use.,2024-08-30
154,67,5,Average product. Could be better.,2024-03-21
158,124,4,Amazing performance and easy to use.,2024-04-19
319,39,5,Very good quality and worth the price.,2024-05-01
414,179,3,Average product. Could be better.,2024-01-02
390,33,5,Value for money.,2024-09-13
107,288,5,Average product. Could be better.,2024-06-07
62,26,2,Amazing performance and easy to use.,2023-01-10
62,2,4,Very good quality and worth the price.,2024-08-21
108,195,5,Average product. Could be better.,2024-03-17
110,26,4,Exceeded my expectations.,2024-05-14
413,180,3,Fast delivery and nice packaging.,2024-01-06
189,3,3,Value for money.,2024-10-24
54,173,2,Will definitely buy again.,2025-01-24
162,188,4,Will definitely buy again.,2023-10-10
191,63,3,Average product. Could be better.,2024-09-01
438,204,5,Value for money.,2023-08-17
265,29,2,Exceeded my expectations.,2024-12-22
229,206,5,Amazing performance and easy to use.,2023-05-16
310,295,4,Exceeded my expectations.,2025-01-22
426,205,1,Good product but delivery was delayed.,2024-08-27
19,241,4,Will definitely buy again.,2023-03-07
74,64,3,Not satisfied with the quality.,2025-02-25
394,133,4,Very good quality and worth the price.,2023-05-09
284,125,2,Good product but delivery was delayed.,2023-03-26
333,249,5,Value for money.,2024-05-13
390,40,1,Very good quality and worth the price.,2024-04-22
297,60,5,Fast delivery and nice packaging.,2025-05-03
19,187,5,Not satisfied with the quality.,2025-06-05
341,1,5,Excellent product. Highly recommended.,2024-05-09
274,3,4,Excellent product. Highly recommended.,2024-04-14
44,291,5,Excellent product. Highly recommended.,2023-07-22
430,249,5,Good product but delivery was delayed.,2024-06-27
310,74,4,Very good quality and worth the price.,2023-09-10
387,24,3,Fast delivery and nice packaging.,2024-03-19
86,214,5,Excellent product. Highly recommended.,2024-02-02
34,206,2,Will definitely buy again.,2024-07-27
260,95,3,Very good quality and worth the price.,2024-02-04
447,54,3,Exceeded my expectations.,2024-09-27
473,56,3,Will definitely buy again.,2024-03-15
110,208,4,Average product. Could be better.,2024-11-10
286,149,4,Will definitely buy again.,2023-11-05
6,17,5,Not satisfied with the quality.,2023-05-20
83,244,4,Amazing performance and easy to use.,2023-05-30
130,91,4,Not satisfied with the quality.,2024-04-16
64,150,5,Not satisfied with the quality.,2023-04-16
85,282,5,Very good quality and worth the price.,2023-08-19
499,287,5,Amazing performance and easy to use.,2023-02-08
317,82,5,Exceeded my expectations.,2024-02-23
203,74,4,Amazing performance and easy to use.,2023-06-02
309,106,5,Not satisfied with the quality.,2023-09-07
37,83,1,Fast delivery and nice packaging.,2025-01-08
310,168,5,Value for money.,2025-01-30
89,23,1,Very good quality and worth the price.,2025-01-06
355,291,4,Fast delivery and nice packaging.,2024-10-14
133,264,5,Fast delivery and nice packaging.,2023-01-05
312,99,3,Good product but delivery was delayed.,2023-05-10
264,65,4,Value for money.,2023-06-14
122,245,4,Fast delivery and nice packaging.,2025-02-23
60,134,5,Good product but delivery was delayed.,2024-12-06
110,14,3,Very good quality and worth the price.,2023-12-05
438,283,4,Excellent product. Highly recommended.,2023-10-29
385,173,2,Value for money.,2024-07-09
288,164,2,Average product. Could be better.,2024-03-31
46,187,5,Good product but delivery was delayed.,2023-05-12
169,170,3,Excellent product. Highly recommended.,2023-09-11
437,143,3,Very good quality and worth the price.,2023-08-06
201,292,3,Very good quality and worth the price.,2024-01-09
335,17,4,Will definitely buy again.,2025-04-13
359,123,4,Will definitely buy again.,2023-10-03
69,161,2,Amazing performance and easy to use.,2023-04-30
337,39,5,Excellent product. Highly recommended.,2025-06-14
101,106,5,Very good quality and worth the price.,2024-01-26
320,84,1,Excellent product. Highly recommended.,2023-05-13
105,166,4,Excellent product. Highly recommended.,2025-05-14
326,151,4,Excellent product. Highly recommended.,2025-04-02
472,21,3,Value for money.,2024-04-12
369,171,3,Excellent product. Highly recommended.,2025-06-10
292,141,5,Value for money.,2024-10-23
482,300,5,Will definitely buy again.,2023-06-17
7,25,5,Amazing performance and easy to use.,2024-06-27
407,89,2,Fast delivery and nice packaging.,2023-01-06
251,261,3,Good product but delivery was delayed.,2025-02-26
385,233,4,Value for money.,2023-11-29
477,229,4,Will definitely buy again.,2024-04-14
289,49,2,Fast delivery and nice packaging.,2023-06-13
471,143,5,Average product. Could be better.,2023-10-09
268,183,5,Very good quality and worth the price.,2023-02-27
398,29,4,Very good quality and worth the price.,2023-10-18
373,10,5,Not satisfied with the quality.,2024-08-31
404,99,5,Not satisfied with the quality.,2024-12-10
320,256,5,Not satisfied with the quality.,2024-01-07
30,22,5,Fast delivery and nice packaging.,2025-04-06
209,60,3,Exceeded my expectations.,2023-07-20
360,224,4,Exceeded my expectations.,2024-11-20
378,151,4,Amazing performance and easy to use.,2023-08-23
283,281,4,Not satisfied with the quality.,2024-12-24
310,38,5,Excellent product. Highly recommended.,2024-03-26
318,299,5,Fast delivery and nice packaging.,2023-06-10
451,174,4,Average product. Could be better.,2025-02-19
230,154,5,Excellent product. Highly recommended.,2025-04-24
252,68,3,Exceeded my expectations.,2023-10-12
320,153,4,Value for money.,2024-06-30
401,299,4,Amazing performance and easy to use.,2024-07-01
488,158,3,Average product. Could be better.,2025-02-22
13,231,4,Good product but delivery was delayed.,2024-01-14
347,166,4,Exceeded my expectations.,2024-07-17
249,4,2,Amazing performance and easy to use.,2024-02-19
79,129,5,Fast delivery and nice packaging.,2023-08-16
265,168,1,Will definitely buy again.,2025-05-09
154,164,3,Fast delivery and nice packaging.,2023-11-30
278,136,5,Excellent product. Highly recommended.,2025-01-03
286,136,3,Will definitely buy again.,2025-01-03
28,143,3,Will definitely buy again.,2023-02-03
417,38,3,Value for money.,2025-06-19
472,226,3,Good product but delivery was delayed.,2023-11-06
303,39,4,Excellent product. Highly recommended.,2024-06-24
417,245,4,Will definitely buy again.,2023-01-29
265,51,4,Amazing performance and easy to use.,2024-05-19
202,226,4,Fast delivery and nice packaging.,2024-11-24
335,14,1,Will definitely buy again.,2024-02-03
144,44,4,Will definitely buy again.,2023-03-19
236,196,3,Excellent product. Highly recommended.,2023-03-30
359,43,1,Very good quality and worth the price.,2023-05-05
61,117,4,Fast delivery and nice packaging.,2023-10-14
144,109,5,Amazing performance and easy to use.,2025-06-02
231,14,4,Amazing performance and easy to use.,2024-01-21
367,59,5,Will definitely buy again.,2023-07-09
311,218,4,Very good quality and worth the price.,2023-12-10
323,196,3,Not satisfied with the quality.,2024-08-27
105,191,4,Value for money.,2024-09-24
366,62,5,Not satisfied with the quality.,2023-10-08
357,146,5,Very good quality and worth the price.,2024-03-18
400,228,2,Not satisfied with the quality.,2023-12-10
107,82,4,Very good quality and worth the price.,2024-07-27
192,174,2,Not satisfied with the quality.,2023-01-11
416,252,2,Fast delivery and nice packaging.,2024-06-14
385,268,4,Average product. Could be better.,2023-02-02
162,284,1,Exceeded my expectations.,2024-05-11
185,237,5,Value for money.,2023-12-07
366,166,4,Value for money.,2023-01-16
470,59,4,Amazing performance and easy to use.,2023-09-16
92,292,4,Value for money.,2024-10-12
16,108,1,Amazing performance and easy to use.,2023-11-05
193,59,3,Fast delivery and nice packaging.,2023-08-03
222,6,4,Will definitely buy again.,2025-05-03
386,203,5,Exceeded my expectations.,2025-03-24
227,209,5,Exceeded my expectations.,2023-09-18
417,158,5,Excellent product. Highly recommended.,2023-08-22
222,202,5,Will definitely buy again.,2024-02-25
381,200,2,Excellent product. Highly recommended.,2023-04-08
386,53,5,Will definitely buy again.,2025-03-06
251,133,5,Average product. Could be better.,2023-10-25
84,282,5,Exceeded my expectations.,2023-11-09
214,232,4,Very good quality and worth the price.,2024-01-02
88,226,2,Average product. Could be better.,2024-07-11
295,100,4,Not satisfied with the quality.,2025-06-09
310,224,5,Will definitely buy again.,2025-05-11
2,223,5,Value for money.,2023-04-13
442,258,4,Fast delivery and nice packaging.,2023-07-10
365,1,5,Amazing performance and easy to use.,2025-02-09
438,118,5,Amazing performance and easy to use.,2024-07-13
165,146,3,Fast delivery and nice packaging.,2025-06-02
311,248,4,Good product but delivery was delayed.,2024-03-07
71,232,5,Fast delivery and nice packaging.,2024-11-16
322,6,5,Will definitely buy again.,2023-01-19
314,138,4,Average product. Could be better.,2023-10-31
433,277,5,Value for money.,2025-01-17
267,82,5,Good product but delivery was delayed.,2024-08-26
416,176,3,Good product but delivery was delayed.,2024-03-02
92,118,2,Good product but delivery was delayed.,2023-10-02
150,250,5,Very good quality and worth the price.,2024-08-05
224,279,4,Value for money.,2024-07-27
400,157,2,Not satisfied with the quality.,2023-08-24
124,250,2,Fast delivery and nice packaging.,2024-07-20
218,184,2,Not satisfied with the quality.,2024-04-06
238,125,5,Amazing performance and easy to use.,2024-03-30
397,300,3,Value for money.,2023-08-17
499,256,4,Exceeded my expectations.,2024-03-05
61,128,5,Exceeded my expectations.,2023-08-21
202,86,2,Very good quality and worth the price.,2023-03-21
211,217,4,Excellent product. Highly recommended.,2023-07-12
410,196,5,Value for money.,2024-05-12
239,193,4,Exceeded my expectations.,2023-11-08
129,187,5,Not satisfied with the quality.,2023-10-09
23,245,5,Fast delivery and nice packaging.,2023-07-04
235,120,4,Not satisfied with the quality.,2024-12-21
208,18,3,Will definitely buy again.,2023-07-17
12,160,4,Not satisfied with the quality.,2023-05-18
276,297,2,Exceeded my expectations.,2024-03-25
242,296,4,Excellent product. Highly recommended.,2024-12-12
107,26,4,Amazing performance and easy to use.,2024-03-04
94,216,5,Good product but delivery was delayed.,2024-03-16
34,118,5,Fast delivery and nice packaging.,2023-05-30
7,230,5,Value for money.,2023-07-29
336,225,4,Very good quality and worth the price.,2023-11-08
292,4,5,Will definitely buy again.,2024-10-19
223,240,5,Will definitely buy again.,2024-11-10
33,171,5,Fast delivery and nice packaging.,2023-02-19
226,144,2,Will definitely buy again.,2024-03-10
446,78,3,Very good quality and worth the price.,2024-02-04
323,6,3,Exceeded my expectations.,2023-09-11
469,253,3,Amazing performance and easy to use.,2024-10-17
105,27,5,Average product. Could be better.,2024-05-14
424,189,4,Not satisfied with the quality.,2023-09-05
421,211,3,Not satisfied with the quality.,2023-10-07
375,137,5,Amazing performance and easy to use.,2023-05-15
493,95,5,Very good quality and worth the price.,2023-06-26
304,155,4,Very good quality and worth the price.,2023-10-22
48,63,4,Excellent product. Highly recommended.,2024-11-03
491,63,3,Will definitely buy again.,2024-10-16
254,227,5,Value for money.,2024-02-17
34,253,2,Value for money.,2023-02-01
304,122,3,Average product. Could be better.,2023-09-29
484,57,4,Average product. Could be better.,2024-01-14
120,233,5,Exceeded my expectations.,2024-07-07
481,40,4,Will definitely buy again.,2024-02-16
192,18,5,Fast delivery and nice packaging.,2024-11-04
477,20,3,Average product. Could be better.,2023-10-10
200,18,5,Fast delivery and nice packaging.,2024-07-16
348,259,4,Excellent product. Highly recommended.,2023-08-12
242,291,4,Not satisfied with the quality.,2024-01-26
437,250,4,Will definitely buy again.,2023-01-17
348,85,3,Exceeded my expectations.,2023-08-02
337,147,5,Amazing performance and easy to use.,2024-03-17
219,20,5,Amazing performance and easy to use.,2023-10-05
431,114,3,Exceeded my expectations.,2023-06-10
96,38,1,Exceeded my expectations.,2023-06-22
312,299,4,Good product but delivery was delayed.,2024-12-07
286,123,5,Not satisfied with the quality.,2024-12-25
211,68,3,Will definitely buy again.,2023-04-06
216,228,5,Average product. Could be better.,2023-03-18
72,36,3,Average product. Could be better.,2024-06-22
293,15,5,Average product. Could be better.,2024-12-20
470,297,3,Amazing performance and easy to use.,2024-09-04
156,111,4,Fast delivery and nice packaging.,2025-06-09
197,188,4,Good product but delivery was delayed.,2024-01-21
339,120,4,Excellent product. Highly recommended.,2024-12-20
74,141,5,Amazing performance and easy to use.,2025-06-14
131,198,4,Average product. Could be better.,2024-08-27
19,35,1,Average product. Could be better.,2023-01-19
222,195,2,Amazing performance and easy to use.,2023-03-10
418,235,3,Exceeded my expectations.,2024-07-25
132,119,2,Will definitely buy again.,2025-01-16
70,261,2,Very good quality and worth the price.,2024-05-01
343,209,5,Average product. Could be better.,2025-03-09
307,43,3,Exceeded my expectations.,2023-07-23
408,257,2,Fast delivery and nice packaging.,2023-07-13
73,228,4,Will definitely buy again.,2024-03-21
453,146,4,Amazing performance and easy to use.,2025-02-03
161,88,5,Very good quality and worth the price.,2024-08-05
153,216,4,Not satisfied with the quality.,2024-11-09
358,234,3,Exceeded my expectations.,2024-02-17
214,218,4,Average product. Could be better.,2023-09-06
235,259,4,Very good quality and worth the price.,2025-05-06
112,204,5,Fast delivery and nice packaging.,2024-03-09
25,98,5,Good product but delivery was delayed.,2024-12-14
199,196,2,Good product but delivery was delayed.,2024-01-14
498,33,2,Excellent product. Highly recommended.,2024-01-12
236,98,3,Value for money.,2023-10-18
268,187,3,Exceeded my expectations.,2024-01-17
179,213,4,Good product but delivery was delayed.,2023-06-18
83,123,4,Will definitely buy again.,2024-07-18
243,107,5,Good product but delivery was delayed.,2023-03-30
340,192,3,Average product. Could be better.,2023-09-08
175,134,3,Amazing performance and easy to use.,2023-05-04
499,182,5,Value for money.,2025-03-16
29,206,4,Will definitely buy again.,2023-04-09
219,20,5,Good product but delivery was delayed.,2023-08-27
43,145,5,Not satisfied with the quality.,2023-09-30
493,28,5,Amazing performance and easy to use.,2023-05-08
492,65,1,Value for money.,2024-10-14
235,4,1,Good product but delivery was delayed.,2023-06-20
74,116,5,Excellent product. Highly recommended.,2023-12-03
453,5,5,Will definitely buy again.,2024-11-14
156,180,4,Value for money.,2023-04-20
39,156,2,Value for money.,2023-11-01
17,169,5,Amazing performance and easy to use.,2024-05-31
361,144,4,Not satisfied with the quality.,2023-09-20
409,251,5,Will definitely buy again.,2025-03-19
203,290,1,Not satisfied with the quality.,2025-02-21
194,221,2,Exceeded my expectations.,2023-08-31
102,208,5,Fast delivery and nice packaging.,2023-08-10
173,105,5,Value for money.,2024-09-21
81,100,3,Excellent product. Highly recommended.,2024-12-03
62,143,3,Amazing performance and easy to use.,2025-05-11
297,40,5,Excellent product. Highly recommended.,2023-12-18
166,299,4,Very good quality and worth the price.,2023-01-05
281,143,5,Value for money.,2025-02-07
365,238,4,Fast delivery and nice packaging.,2024-05-17
45,70,4,Good product but delivery was delayed.,2024-09-09
122,222,3,Fast delivery and nice packaging.,2023-06-14
372,7,5,Not satisfied with the quality.,2023-05-29
339,297,3,Value for money.,2023-02-28
160,234,2,Good product but delivery was delayed.,2024-06-24
320,210,5,Will definitely buy again.,2023-06-07
420,111,3,Exceeded my expectations.,2024-02-05
72,65,5,Very good quality and worth the price.,2024-02-24
374,271,4,Value for money.,2023-05-21
470,69,4,Will definitely buy again.,2023-04-12
61,146,5,Very good quality and worth the price.,2024-05-05
317,49,5,Fast delivery and nice packaging.,2024-11-24
47,191,5,Excellent product. Highly recommended.,2023-07-11
5,59,5,Average product. Could be better.,2024-05-18
415,65,5,Excellent product. Highly recommended.,2023-08-21
90,300,3,Not satisfied with the quality.,2024-12-21
153,59,5,Good product but delivery was delayed.,2023-09-22
343,268,5,Value for money.,2025-04-23
108,109,5,Amazing performance and easy to use.,2024-04-23
180,234,5,Value for money.,2024-07-23
226,259,3,Excellent product. Highly recommended.,2024-07-23
296,157,3,Exceeded my expectations.,2025-04-19
105,231,3,Good product but delivery was delayed.,2025-06-14
203,175,2,Excellent product. Highly recommended.,2024-05-05
201,126,5,Good product but delivery was delayed.,2024-08-05
442,107,3,Fast delivery and nice packaging.,2024-12-01
8,238,5,Very good quality and worth the price.,2023-09-11
230,22,4,Value for money.,2023-06-02
360,121,4,Excellent product. Highly recommended.,2024-12-08
476,203,5,Excellent product. Highly recommended.,2023-12-14
291,219,3,Exceeded my expectations.,2024-05-12
312,267,4,Will definitely buy again.,2023-02-03
364,213,4,Good product but delivery was delayed.,2023-03-18
388,164,2,Fast delivery and nice packaging.,2024-05-29
498,77,2,Fast delivery and nice packaging.,2023-03-05
1,156,4,Excellent product. Highly recommended.,2024-10-12
429,51,4,Will definitely buy again.,2023-09-17
183,244,5,Exceeded my expectations.,2025-03-12
499,186,5,Average product. Could be better.,2024-09-17
411,166,3,Amazing performance and easy to use.,2023-11-24
486,122,5,Fast delivery and nice packaging.,2023-05-04
232,259,4,Will definitely buy again.,2025-04-06
474,82,5,Excellent product. Highly recommended.,2023-05-11
235,3,5,Will definitely buy again.,2023-12-09
29,136,4,Very good quality and worth the price.,2024-10-30
473,246,3,Excellent product. Highly recommended.,2024-08-19
157,43,5,Average product. Could be better.,2024-09-25
274,134,3,Fast delivery and nice packaging.,2025-04-11
258,14,5,Exceeded my expectations.,2023-03-08
336,217,5,Good product but delivery was delayed.,2024-02-02
29,243,5,Exceeded my expectations.,2024-08-19
353,130,4,Will definitely buy again.,2024-07-07
411,260,5,Will definitely buy again.,2024-02-17
170,166,5,Excellent product. Highly recommended.,2024-02-26
392,141,2,Excellent product. Highly recommended.,2025-04-03
495,236,5,Not satisfied with the quality.,2023-10-21
351,231,5,Good product but delivery was delayed.,2023-06-18
458,107,5,Amazing performance and easy to use.,2025-01-02
461,258,2,Good product but delivery was delayed.,2023-01-15
322,137,2,Amazing performance and easy to use.,2023-09-15
12,231,5,Excellent product. Highly recommended.,2023-12-28
111,17,3,Value for money.,2024-10-28
226,227,4,Very good quality and worth the price.,2023-02-06
482,59,4,Exceeded my expectations.,2023-03-01
483,264,5,Will definitely buy again.,2023-10-25
448,51,2,Average product. Could be better.,2023-05-19
219,197,4,Exceeded my expectations.,2024-02-21
459,81,4,Fast delivery and nice packaging.,2024-05-31
226,144,5,Fast delivery and nice packaging.,2023-11-07
82,180,4,Exceeded my expectations.,2023-05-18
234,180,3,Not satisfied with the quality.,2023-05-16
61,69,2,Fast delivery and nice packaging.,2025-05-03
452,144,3,Exceeded my expectations.,2024-09-30
146,292,4,Amazing performance and easy to use.,2024-10-04
326,241,3,Very good quality and worth the price.,2023-12-07
394,193,5,Very good quality and worth the price.,2023-08-26
50,257,5,Exceeded my expectations.,2025-04-05
464,127,2,Excellent product. Highly recommended.,2023-01-15
252,123,2,Excellent product. Highly recommended.,2023-04-18
153,184,3,Good product but delivery was delayed.,2024-05-07
323,217,4,Average product. Could be better.,2025-01-03
484,258,2,Fast delivery and nice packaging.,2023-04-30
441,131,5,Amazing performance and easy to use.,2025-03-18
406,79,4,Average product. Could be better.,2024-11-14
352,51,5,Exceeded my expectations.,2023-03-24
198,177,4,Amazing performance and easy to use.,2023-05-20
170,134,5,Will definitely buy again.,2023-06-17
270,37,2,Good product but delivery was delayed.,2024-05-03
245,171,4,Value for money.,2023-11-25
130,143,5,Good product but delivery was delayed.,2023-06-14
317,151,4,Exceeded my expectations.,2023-04-07
111,253,3,Very good quality and worth the price.,2023-05-14
16,9,3,Exceeded my expectations.,2024-11-06
81,248,4,Good product but delivery was delayed.,2024-03-03
406,186,4,Average product. Could be better.,2023-02-27
62,252,2,Average product. Could be better.,2023-12-13
136,79,2,Fast delivery and nice packaging.,2023-10-10
236,236,4,Amazing performance and easy to use.,2025-04-13
129,275,5,Good product but delivery was delayed.,2023-08-07
279,31,3,Value for money.,2024-08-04
18,72,3,Exceeded my expectations.,2025-01-14
263,61,3,Value for money.,2023-11-05
72,291,5,Excellent product. Highly recommended.,2023-08-15
493,64,4,Not satisfied with the quality.,2024-07-19
242,261,3,Excellent product. Highly recommended.,2025-02-06
86,137,2,Exceeded my expectations.,2024-08-10
22,207,5,Fast delivery and nice packaging.,2023-05-27
423,29,5,Good product but delivery was delayed.,2024-02-04
376,8,3,Will definitely buy again.,2023-12-26
408,289,3,Value for money.,2024-11-27
328,255,4,Excellent product. Highly recommended.,2024-04-06
307,173,3,Average product. Could be better.,2024-06-22
410,230,5,Good product but delivery was delayed.,2024-05-11
396,282,3,Very good quality and worth the price.,2024-12-28
147,101,2,Excellent product. Highly recommended.,2025-05-01
423,256,4,Average product. Could be better.,2025-03-07
321,124,3,Average product. Could be better.,2023-05-26
469,265,5,Fast delivery and nice packaging.,2023-06-01
469,215,2,Average product. Could be better.,2025-03-04
289,76,3,Average product. Could be better.,2023-03-01
250,79,4,Excellent product. Highly recommended.,2025-06-19
131,233,4,Value for money.,2024-11-23
463,102,3,Not satisfied with the quality.,2024-05-14
73,65,5,Good product but delivery was delayed.,2024-05-04
230,18,3,Amazing performance and easy to use.,2025-04-10
396,253,3,Exceeded my expectations.,2024-10-19
336,207,5,Fast delivery and nice packaging.,2025-04-15
175,73,2,Very good quality and worth the price.,2024-08-23
359,210,4,Exceeded my expectations.,2023-08-01
28,154,5,Good product but delivery was delayed.,2024-05-26
131,188,4,Fast delivery and nice packaging.,2023-05-11
437,220,3,Amazing performance and easy to use.,2024-01-29
79,55,1,Not satisfied with the quality.,2023-07-27
368,161,4,Excellent product. Highly recommended.,2025-02-18
262,126,3,Not satisfied with the quality.,2023-12-06
161,113,1,Very good quality and worth the price.,2025-04-04
121,143,4,Fast delivery and nice packaging.,2025-04-06
130,6,4,Not satisfied with the quality.,2025-02-16
137,146,5,Will definitely buy again.,2025-02-23
140,250,5,Good product but delivery was delayed.,2025-06-09
178,115,3,Exceeded my expectations.,2023-01-05
73,84,5,Average product. Could be better.,2023-09-03
281,107,4,Fast delivery and nice packaging.,2023-07-10
66,295,3,Not satisfied with the quality.,2025-05-09
52,147,5,Value for money.,2023-07-20
410,131,5,Good product but delivery was delayed.,2024-04-03
411,89,5,Amazing performance and easy to use.,2024-04-21
173,285,3,Not satisfied with the quality.,2023-10-04
17,167,2,Very good quality and worth the price.,2023-12-27
251,39,1,Will definitely buy again.,2023-09-09
157,158,1,Amazing performance and easy to use.,2024-12-23
369,68,4,Exceeded my expectations.,2025-04-15
190,90,5,Will definitely buy again.,2023-09-29
108,283,2,Fast delivery and nice packaging.,2023-09-25
260,265,1,Value for money.,2023-04-06
318,169,2,Good product but delivery was delayed.,2024-06-09
425,246,4,Amazing performance and easy to use.,2024-02-12
458,145,5,Fast delivery and nice packaging.,2023-11-13
33,20,5,Good product but delivery was delayed.,2024-03-30
389,222,4,Not satisfied with the quality.,2024-04-09
397,95,3,Good product but delivery was delayed.,2024-02-24
76,37,5,Fast delivery and nice packaging.,2024-12-12
278,33,5,Fast delivery and nice packaging.,2024-04-28
148,155,3,Average product. Could be better.,2024-12-17
35,155,3,Exceeded my expectations.,2025-01-13
368,27,1,Value for money.,2023-01-05
77,14,1,Will definitely buy again.,2023-02-04
19,97,5,Fast delivery and nice packaging.,2025-01-25
490,275,4,Will definitely buy again.,2023-04-11
399,300,5,Fast delivery and nice packaging.,2025-02-19
52,95,5,Will definitely buy again.,2023-08-15
100,192,4,Value for money.,2024-06-06
480,132,5,Excellent product. Highly recommended.,2024-01-08
293,100,3,Amazing performance and easy to use.,2024-11-18
222,21,5,Value for money.,2023-08-05
276,51,2,Amazing performance and easy to use.,2025-03-20
257,42,4,Good product but delivery was delayed.,2024-10-05
352,233,4,Will definitely buy again.,2024-10-25
65,234,2,Very good quality and worth the price.,2025-02-11
282,254,4,Value for money.,2024-10-04
269,202,5,Very good quality and worth the price.,2024-09-12
396,29,3,Exceeded my expectations.,2024-06-08
247,225,4,Good product but delivery was delayed.,2023-05-09
59,110,4,Average product. Could be better.,2024-04-24
257,15,4,Not satisfied with the quality.,2024-03-07
238,125,3,Will definitely buy again.,2023-09-04
13,259,4,Value for money.,2024-03-26
309,90,4,Excellent product. Highly recommended.,2023-08-07
101,222,2,Excellent product. Highly recommended.,2025-06-07
266,256,4,Average product. Could be better.,2023-08-21
176,172,4,Value for money.,2024-09-12
255,102,2,Fast delivery and nice packaging.,2025-04-24
47,54,4,Very good quality and worth the price.,2023-10-13
475,174,5,Value for money.,2024-06-19
475,209,4,Good product but delivery was delayed.,2023-12-02
4,47,4,Exceeded my expectations.,2023-10-30
336,13,2,Good product but delivery was delayed.,2023-01-24
240,274,5,Value for money.,2023-06-08
40,275,3,Fast delivery and nice packaging.,2024-11-22
325,27,5,Fast delivery and nice packaging.,2024-08-31
193,293,5,Very good quality and worth the price.,2023-12-14
344,93,5,Fast delivery and nice packaging.,2023-05-02
206,9,2,Will definitely buy again.,2025-03-15
319,7,3,Fast delivery and nice packaging.,2023-04-29
410,296,3,Average product. Could be better.,2023-04-03
276,144,5,Not satisfied with the quality.,2023-12-15
119,39,2,Will definitely buy again.,2023-08-24
362,142,5,Amazing performance and easy to use.,2024-04-07
386,45,5,Exceeded my expectations.,2023-04-26
35,280,4,Excellent product. Highly recommended.,2024-09-29
406,162,2,Not satisfied with the quality.,2025-01-24
104,198,4,Not satisfied with the quality.,2024-04-11
458,293,5,Fast delivery and nice packaging.,2023-06-15
339,299,3,Average product. Could be better.,2025-02-06
350,170,2,Exceeded my expectations.,2025-03-11
247,136,5,Very good quality and worth the price.,2024-03-30
51,288,5,Will definitely buy again.,2023-05-10
249,50,5,Fast delivery and nice packaging.,2024-06-08
309,292,4,Average product. Could be better.,2023-12-08
158,114,5,Very good quality and worth the price.,2025-02-10
109,228,5,Excellent product. Highly recommended.,2023-11-13
118,7,3,Amazing performance and easy to use.,2023-12-04
442,229,4,Value for money.,2023-04-10
459,25,1,Will definitely buy again.,2023-08-10
78,145,5,Will definitely buy again.,2023-02-23
115,8,5,Average product. Could be better.,2024-01-30
200,273,4,Will definitely buy again.,2024-05-23
471,232,4,Good product but delivery was delayed.,2024-02-26
429,95,5,Good product but delivery was delayed.,2024-05-14
145,34,2,Amazing performance and easy to use.,2024-01-20
151,149,5,Will definitely buy again.,2024-11-07
491,248,5,Amazing performance and easy to use.,2024-06-02
120,162,2,Good product but delivery was delayed.,2023-05-31
61,154,4,Excellent product. Highly recommended.,2025-03-22
177,184,4,Value for money.,2024-09-21
251,255,4,Value for money.,2025-04-22
314,74,2,Excellent product. Highly recommended.,2023-08-16
184,114,4,Excellent product. Highly recommended.,2023-07-03
366,278,4,Average product. Could be better.,2025-06-13
22,89,5,Amazing performance and easy to use.,2023-06-20
221,132,4,Very good quality and worth the price.,2024-05-13
47,233,4,Will definitely buy again.,2025-06-13
480,19,4,Exceeded my expectations.,2023-12-13
204,273,3,Not satisfied with the quality.,2025-03-27
347,137,2,Exceeded my expectations.,2024-07-11
255,184,1,Very good quality and worth the price.,2023-08-12
347,289,5,Exceeded my expectations.,2025-06-03
235,253,5,Excellent product. Highly recommended.,2025-06-17
397,70,5,Excellent product. Highly recommended.,2023-01-13
295,251,4,Value for money.,2024-05-28
254,122,3,Very good quality and worth the price.,2023-02-12
156,141,3,Very good quality and worth the price.,2025-01-07
41,103,5,Value for money.,2025-05-29
145,239,5,Not satisfied with the quality.,2024-11-19
359,127,3,Not satisfied with the quality.,2023-07-22
209,48,3,Good product but delivery was delayed.,2024-11-16
208,229,3,Exceeded my expectations.,2024-06-17
43,125,5,Not satisfied with the quality.,2024-08-27
97,67,2,Will definitely buy again.,2023-09-14
245,45,4,Value for money.,2025-05-18
495,21,3,Not satisfied with the quality.,2024-05-22
114,163,5,Good product but delivery was delayed.,2024-03-02
229,249,4,Average product. Could be better.,2023-03-08
380,106,2,Good product but delivery was delayed.,2024-08-06
129,42,5,Exceeded my expectations.,2023-12-25
216,264,4,Average product. Could be better.,2023-10-13
146,179,4,Value for money.,2025-03-16
234,39,3,Good product but delivery was delayed.,2024-06-20
497,286,4,Not satisfied with the quality.,2023-06-02
60,133,3,Average product. Could be better.,2023-11-30
425,223,2,Excellent product. Highly recommended.,2023-10-03
392,98,4,Very good quality and worth the price.,2024-06-25
15,271,3,Fast delivery and nice packaging.,2024-03-31
246,15,4,Value for money.,2024-04-11
285,201,5,Good product but delivery was delayed.,2024-04-17
392,91,5,Not satisfied with the quality.,2024-11-28
164,65,3,Will definitely buy again.,2024-06-06
344,163,5,Exceeded my expectations.,2024-01-31
60,169,4,Good product but delivery was delayed.,2024-03-01
319,248,2,Excellent product. Highly recommended.,2025-04-02
265,60,5,Fast delivery and nice packaging.,2025-05-09
120,220,5,Not satisfied with the quality.,2024-07-05
196,248,4,Value for money.,2023-05-16
478,171,4,Value for money.,2024-08-22
2,145,4,Exceeded my expectations.,2023-05-22
50,160,3,Fast delivery and nice packaging.,2023-04-14
378,5,5,Average product. Could be better.,2024-09-02
72,43,4,Exceeded my expectations.,2023-02-23
253,220,2,Not satisfied with the quality.,2023-01-12
289,291,3,Value for money.,2025-06-07
120,241,5,Value for money.,2024-11-09
182,67,2,Value for money.,2023-08-13
93,298,4,Very good quality and worth the price.,2023-02-26
70,5,2,Amazing performance and easy to use.,2023-07-30
331,154,5,Fast delivery and nice packaging.,2024-07-23
211,105,2,Excellent product. Highly recommended.,2023-03-22
287,269,5,Value for money.,2023-10-05
133,123,4,Not satisfied with the quality.,2025-02-07
386,112,3,Amazing performance and easy to use.,2024-02-26
380,185,2,Very good quality and worth the price.,2024-06-07
217,207,5,Exceeded my expectations.,2024-10-09
291,211,2,Exceeded my expectations.,2023-12-27
431,4,5,Excellent product. Highly recommended.,2023-09-26
166,89,4,Excellent product. Highly recommended.,2025-06-17
95,285,5,Value for money.,2023-01-30
416,218,3,Amazing performance and easy to use.,2025-06-11
163,43,4,Excellent product. Highly recommended.,2023-11-03
92,29,3,Excellent product. Highly recommended.,2024-03-14
247,181,4,Good product but delivery was delayed.,2024-06-14
194,286,2,Exceeded my expectations.,2023-07-19
74,248,1,Excellent product. Highly recommended.,2024-07-09
452,117,2,Will definitely buy again.,2023-07-09
301,96,5,Very good quality and worth the price.,2024-04-07
404,127,5,Very good quality and worth the price.,2025-05-28
263,102,3,Average product. Could be better.,2023-11-04
452,2,5,Exceeded my expectations.,2025-02-04
73,145,5,Exceeded my expectations.,2025-04-16
173,53,4,Very good quality and worth the price.,2023-09-05
235,235,5,Fast delivery and nice packaging.,2025-01-07
466,208,4,Not satisfied with the quality.,2023-03-16
177,179,5,Average product. Could be better.,2023-05-09
191,14,2,Excellent product. Highly recommended.,2024-02-16
265,233,4,Exceeded my expectations.,2024-05-27
286,195,3,Will definitely buy again.,2023-09-16
486,85,3,Good product but delivery was delayed.,2024-03-10
148,204,4,Very good quality and worth the price.,2024-01-21
303,98,2,Exceeded my expectations.,2024-02-11
184,268,2,Exceeded my expectations.,2024-05-03
457,43,5,Value for money.,2023-08-31
263,49,5,Fast delivery and nice packaging.,2024-05-04
471,12,5,Good product but delivery was delayed.,2024-05-22
411,134,4,Excellent product. Highly recommended.,2023-07-13
229,216,3,Very good quality and worth the price.,2025-02-28
176,218,4,Exceeded my expectations.,2023-11-09
30,42,4,Average product. Could be better.,2025-02-23
198,294,5,Not satisfied with the quality.,2025-04-14
62,31,3,Not satisfied with the quality.,2025-05-06
175,134,3,Not satisfied with the quality.,2024-09-17
254,244,5,Good product but delivery was delayed.,2023-06-08
381,189,4,Very good quality and worth the price.,2024-05-05
26,6,2,Exceeded my expectations.,2024-04-26
161,110,4,Fast delivery and nice packaging.,2023-11-25
265,133,3,Excellent product. Highly recommended.,2024-11-29
3,72,5,Good product but delivery was delayed.,2025-04-29
76,109,5,Exceeded my expectations.,2024-12-31
397,289,2,Excellent product. Highly recommended.,2024-08-19
429,5,5,Exceeded my expectations.,2023-11-28
222,244,5,Not satisfied with the quality.,2025-06-14
422,105,4,Will definitely buy again.,2023-03-01
258,138,5,Value for money.,2024-09-11
102,63,5,Amazing performance and easy to use.,2023-09-07
139,91,4,Good product but delivery was delayed.,2024-12-07
187,225,4,Good product but delivery was delayed.,2024-08-29
39,83,3,Exceeded my expectations.,2023-07-06
213,261,4,Not satisfied with the quality.,2024-04-26
486,180,2,Will definitely buy again.,2024-05-29
31,239,2,Fast delivery and nice packaging.,2024-06-10
41,110,5,Excellent product. Highly recommended.,2025-05-31
409,152,5,Will definitely buy again.,2024-07-15
82,23,3,Value for money.,2025-03-15
362,161,4,Good product but delivery was delayed.,2023-12-30
91,289,2,Exceeded my expectations.,2025-04-18
192,194,3,Will definitely buy again.,2023-03-03
283,8,5,Excellent product. Highly recommended.,2025-01-17
219,50,3,Amazing performance and easy to use.,2025-02-10
247,18,4,Very good quality and worth the price.,2024-08-06
403,122,3,Average product. Could be better.,2023-09-05
368,136,5,Exceeded my expectations.,2023-01-27
289,163,2,Will definitely buy again.,2023-03-15
268,66,3,Amazing performance and easy to use.,2024-09-07
475,172,3,Excellent product. Highly recommended.,2023-09-26
288,24,3,Excellent product. Highly recommended.,2023-04-27
263,155,5,Amazing performance and easy to use.,2024-11-17
125,32,5,Fast delivery and nice packaging.,2023-12-11
365,297,5,Good product but delivery was delayed.,2024-04-15
436,247,3,Fast delivery and nice packaging.,2023-12-29
244,116,3,Average product. Could be better.,2024-05-20
74,6,4,Average product. Could be better.,2023-12-25
20,61,5,Amazing performance and easy to use.,2025-06-19
263,129,5,Exceeded my expectations.,2023-01-31
473,69,3,Will definitely buy again.,2024-06-16
157,87,3,Average product. Could be better.,2025-03-30
36,29,5,Good product but delivery was delayed.,2024-11-21
432,137,3,Value for money.,2024-02-07
251,271,5,Will definitely buy again.,2023-12-17
424,175,4,Amazing performance and easy to use.,2023-05-01
265,123,5,Exceeded my expectations.,2025-03-04
31,35,3,Very good quality and worth the price.,2023-08-19
148,234,5,Amazing performance and easy to use.,2025-05-01
216,178,2,Excellent product. Highly recommended.,2024-09-26
444,26,5,Value for money.,2024-11-14
385,64,3,Amazing performance and easy to use.,2023-08-19
256,277,5,Average product. Could be better.,2024-07-27
147,226,3,Not satisfied with the quality.,2023-10-10
403,247,5,Very good quality and worth the price.,2023-12-24
93,151,3,Exceeded my expectations.,2024-07-05
176,12,5,Excellent product. Highly recommended.,2024-09-17
366,178,3,Value for money.,2024-04-04
55,209,3,Very good quality and worth the price.,2024-03-20
70,33,2,Excellent product. Highly recommended.,2023-04-03
337,177,3,Average product. Could be better.,2024-02-23
418,217,2,Exceeded my expectations.,2023-01-26
412,212,5,Excellent product. Highly recommended.,2023-05-06
74,190,5,Exceeded my expectations.,2023-08-11
55,24,4,Very good quality and worth the price.,2024-04-03
93,268,5,Good product but delivery was delayed.,2023-10-08
348,31,5,Good product but delivery was delayed.,2024-08-21
96,197,5,Average product. Could be better.,2025-04-29
404,43,3,Value for money.,2024-06-12
291,224,3,Average product. Could be better.,2025-02-11
342,97,3,Excellent product. Highly recommended.,2023-12-12
288,191,2,Amazing performance and easy to use.,2024-05-27
263,84,5,Average product. Could be better.,2024-02-15
365,43,4,Very good quality and worth the price.,2024-08-05
214,21,4,Excellent product. Highly recommended.,2023-02-26
474,255,3,Exceeded my expectations.,2024-01-04
234,215,5,Average product. Could be better.,2023-08-19
465,6,4,Excellent product. Highly recommended.,2023-01-22
205,160,4,Fast delivery and nice packaging.,2024-06-16
2,176,3,Will definitely buy again.,2025-01-27
167,173,4,Average product. Could be better.,2024-08-22
124,5,3,Will definitely buy again.,2024-04-09
88,234,4,Good product but delivery was delayed.,2023-06-11
261,101,3,Amazing performance and easy to use.,2024-03-07
274,57,3,Excellent product. Highly recommended.,2024-02-19
198,263,3,Excellent product. Highly recommended.,2023-08-07
194,237,4,Not satisfied with the quality.,2023-11-24
373,188,4,Will definitely buy again.,2024-02-07
450,145,3,Exceeded my expectations.,2025-01-01
359,282,4,Exceeded my expectations.,2025-05-25
185,202,1,Will definitely buy again.,2024-04-10
186,2,5,Not satisfied with the quality.,2024-06-10
75,229,2,Value for money.,2023-10-05
308,246,5,Will definitely buy again.,2023-01-05
373,67,5,Value for money.,2023-01-03
269,10,4,Fast delivery and nice packaging.,2024-09-14
114,22,5,Will definitely buy again.,2023-04-12
119,12,3,Amazing performance and easy to use.,2023-03-12
152,299,3,Good product but delivery was delayed.,2023-01-07
304,67,5,Will definitely buy again.,2024-01-18
114,294,5,Average product. Could be better.,2025-03-18
246,82,3,Amazing performance and easy to use.,2025-02-26
229,257,3,Very good quality and worth the price.,2025-03-01
444,276,3,Exceeded my expectations.,2023-04-09
65,50,5,Exceeded my expectations.,2025-03-20
302,45,5,Average product. Could be better.,2024-04-26
277,57,5,Fast delivery and nice packaging.,2024-03-26
279,126,4,Exceeded my expectations.,2024-12-16
192,209,4,Exceeded my expectations.,2023-09-24
161,213,4,Exceeded my expectations.,2025-03-06
357,102,5,Average product. Could be better.,2024-04-15
322,63,5,Very good quality and worth the price.,2024-01-08
383,58,5,Average product. Could be better.,2023-08-27
95,1,5,Amazing performance and easy to use.,2023-04-16
48,261,4,Exceeded my expectations.,2023-02-18
140,286,5,Value for money.,2025-01-01
441,221,3,Very good quality and worth the price.,2023-12-16
34,169,2,Fast delivery and nice packaging.,2024-12-18
278,297,5,Not satisfied with the quality.,2023-08-12
50,84,3,Will definitely buy again.,2023-01-24
329,28,3,Average product. Could be better.,2023-09-16
50,250,3,Will definitely buy again.,2023-04-27
361,45,5,Average product. Could be better.,2025-01-20
453,200,2,Exceeded my expectations.,2023-02-21
200,134,4,Value for money.,2024-05-20
252,211,5,Will definitely buy again.,2023-07-26
52,28,3,Fast delivery and nice packaging.,2024-09-09
164,269,5,Excellent product. Highly recommended.,2023-04-20
340,157,4,Average product. Could be better.,2023-01-04
363,25,3,Excellent product. Highly recommended.,2023-06-25
357,299,4,Value for money.,2024-07-17
191,18,1,Average product. Could be better.,2025-06-13
254,169,4,Very good quality and worth the price.,2024-09-08
286,253,4,Very good quality and worth the price.,2024-05-02
231,52,4,Not satisfied with the quality.,2024-11-23
253,12,4,Average product. Could be better.,2025-03-04
261,202,4,Not satisfied with the quality.,2023-02-08
141,263,5,Average product. Could be better.,2025-03-19
318,293,5,Excellent product. Highly recommended.,2023-06-20
30,5,5,Exceeded my expectations.,2023-09-21
131,125,1,Good product but delivery was delayed.,2023-07-09
474,109,5,Good product but delivery was delayed.,2025-05-19
171,275,5,Not satisfied with the quality.,2024-11-05
367,279,4,Excellent product. Highly recommended.,2023-12-03
318,142,5,Will definitely buy again.,2023-12-23
436,107,5,Average product. Could be better.,2024-01-07
69,151,4,Not satisfied with the quality.,2024-10-25
52,17,5,Will definitely buy again.,2025-04-04
182,91,3,Fast delivery and nice packaging.,2024-11-17
46,299,3,Good product but delivery was delayed.,2024-10-27
68,47,5,Value for money.,2025-03-19
459,23,5,Fast delivery and nice packaging.,2023-11-02
314,53,3,Amazing performance and easy to use.,2023-09-24
129,153,5,Amazing performance and easy to use.,2023-10-07
115,147,2,Will definitely buy again.,2023-10-27
86,166,4,Not satisfied with the quality.,2024-08-21
269,129,5,Will definitely buy again.,2023-06-09
98,137,4,Excellent product. Highly recommended.,2023-04-16
113,194,4,Excellent product. Highly recommended.,2025-04-30
479,253,4,Value for money.,2024-05-01
303,43,5,Amazing performance and easy to use.,2024-10-21
422,198,5,Not satisfied with the quality.,2025-03-05
144,157,2,Value for money.,2023-09-17
134,170,5,Exceeded my expectations.,2024-11-06
425,150,3,Average product. Could be better.,2025-02-07
114,103,5,Will definitely buy again.,2025-02-05
30,99,5,Value for money.,2023-03-20
32,136,5,Very good quality and worth the price.,2023-12-01
144,46,3,Fast delivery and nice packaging.,2024-11-25
233,275,3,Average product. Could be better.,2024-05-11
454,15,2,Excellent product. Highly recommended.,2024-10-18
43,293,3,Fast delivery and nice packaging.,2023-02-08
192,280,3,Fast delivery and nice packaging.,2023-08-21
249,247,4,Amazing performance and easy to use.,2023-07-21
67,16,3,Very good quality and worth the price.,2024-11-16
91,213,5,Good product but delivery was delayed.,2024-06-24
421,110,4,Good product but delivery was delayed.,2025-03-07
245,144,1,Not satisfied with the quality.,2023-04-01
103,158,5,Exceeded my expectations.,2023-07-04
293,219,5,Will definitely buy again.,2023-05-06
308,11,5,Fast delivery and nice packaging.,2023-08-14
470,57,4,Will definitely buy again.,2023-05-26
210,283,3,Good product but delivery was delayed.,2024-08-24
316,92,2,Exceeded my expectations.,2023-01-18
439,10,5,Value for money.,2024-09-22
44,113,4,Value for money.,2025-05-05
436,155,2,Very good quality and worth the price.,2023-09-13
10,288,3,Very good quality and worth the price.,2024-11-07
402,52,4,Very good quality and worth the price.,2023-05-15
361,233,5,Exceeded my expectations.,2023-09-16
271,99,2,Will definitely buy again.,2023-10-04
266,134,3,Will definitely buy again.,2023-12-27
317,82,1,Value for money.,2024-04-29
283,3,5,Good product but delivery was delayed.,2025-02-22
176,93,3,Good product but delivery was delayed.,2024-08-24
72,87,5,Not satisfied with the quality.,2024-09-16
259,99,4,Not satisfied with the quality.,2023-07-05
114,131,4,Will definitely buy again.,2024-06-20
406,209,3,Value for money.,2024-12-14
184,210,5,Value for money.,2024-04-14
40,183,4,Good product but delivery was delayed.,2024-04-21
141,46,2,Good product but delivery was delayed.,2024-06-18
93,97,3,Value for money.,2024-08-12
449,180,3,Good product but delivery was delayed.,2024-04-26
369,49,1,Amazing performance and easy to use.,2023-10-31
288,63,4,Not satisfied with the quality.,2025-06-01
87,81,4,Exceeded my expectations.,2024-03-16
109,141,5,Not satisfied with the quality.,2025-06-04
442,43,4,Very good quality and worth the price.,2025-02-06
467,29,5,Very good quality and worth the price.,2023-09-10
324,264,3,Excellent product. Highly recommended.,2023-06-24
191,184,3,Not satisfied with the quality.,2025-04-20
206,139,2,Exceeded my expectations.,2023-12-26
69,148,4,Good product but delivery was delayed.,2024-03-30
163,51,4,Very good quality and worth the price.,2024-07-16
227,219,4,Good product but delivery was delayed.,2023-08-01
313,21,5,Value for money.,2023-01-16
34,292,3,Excellent product. Highly recommended.,2024-07-30
189,226,4,Amazing performance and easy to use.,2025-05-21
326,81,5,Value for money.,2024-05-18
355,196,3,Average product. Could be better.,2024-05-17
110,64,4,Average product. Could be better.,2023-10-30
395,90,3,Very good quality and worth the price.,2025-04-16
497,37,5,Not satisfied with the quality.,2024-11-15
21,276,3,Exceeded my expectations.,2025-03-14
132,213,4,Will definitely buy again.,2023-04-06
81,238,4,Fast delivery and nice packaging.,2025-01-19
431,24,4,Not satisfied with the quality.,2024-04-19
95,152,4,Will definitely buy again.,2023-02-24
319,141,2,Value for money.,2023-05-22
152,36,3,Average product. Could be better.,2024-01-10
479,250,4,Amazing performance and easy to use.,2023-10-09
191,195,5,Exceeded my expectations.,2023-05-20
428,179,5,Excellent product. Highly recommended.,2024-08-15
392,42,5,Will definitely buy again.,2024-07-18
180,207,3,Amazing performance and easy to use.,2024-06-05
295,115,3,Good product but delivery was delayed.,2024-01-16
358,202,3,Excellent product. Highly recommended.,2024-05-13
49,87,2,Will definitely buy again.,2023-03-25
453,222,5,Good product but delivery was delayed.,2023-05-02
217,124,1,Value for money.,2025-02-03
115,89,5,Amazing performance and easy to use.,2024-05-01
125,128,5,Very good quality and worth the price.,2023-03-30
221,136,5,Very good quality and worth the price.,2023-11-23
171,248,5,Excellent product. Highly recommended.,2024-08-04
161,230,3,Excellent product. Highly recommended.,2023-11-12
91,241,4,Value for money.,2024-04-08
254,125,5,Exceeded my expectations.,2023-12-16
92,254,5,Fast delivery and nice packaging.,2025-01-31
213,214,5,Exceeded my expectations.,2024-06-03
298,270,4,Exceeded my expectations.,2025-05-17
95,136,2,Fast delivery and nice packaging.,2023-03-14
499,147,4,Will definitely buy again.,2024-11-03
470,105,4,Good product but delivery was delayed.,2025-02-02
88,265,3,Will definitely buy again.,2024-11-05
200,211,3,Value for money.,2024-02-11
459,162,5,Value for money.,2023-09-13
211,84,5,Excellent product. Highly recommended.,2025-05-06
434,137,4,Amazing performance and easy to use.,2024-05-13
143,94,4,Exceeded my expectations.,2025-03-31
247,215,4,Average product. Could be better.,2023-03-10
492,135,2,Excellent product. Highly recommended.,2023-06-09
59,25,2,Fast delivery and nice packaging.,2024-04-19
161,170,5,Value for money.,2024-08-18
395,136,3,Not satisfied with the quality.,2024-12-25
140,206,2,Not satisfied with the quality.,2024-09-08
470,39,4,Fast delivery and nice packaging.,2024-09-06
256,67,4,Amazing performance and easy to use.,2023-11-06
469,89,5,Fast delivery and nice packaging.,2024-09-06
423,119,4,Not satisfied with the quality.,2024-08-07
368,46,4,Exceeded my expectations.,2025-06-14
228,265,5,Value for money.,2024-09-02
238,117,4,Good product but delivery was delayed.,2023-07-22
384,230,2,Not satisfied with the quality.,2024-08-13
48,62,3,Very good quality and worth the price.,2024-04-30
198,26,2,Very good quality and worth the price.,2023-01-03
377,262,3,Average product. Could be better.,2024-11-29
441,118,5,Good product but delivery was delayed.,2023-01-14
67,60,4,Excellent product. Highly recommended.,2023-11-08
144,138,5,Excellent product. Highly recommended.,2023-04-02
383,267,3,Fast delivery and nice packaging.,2025-02-01
12,239,5,Value for money.,2025-05-10
256,44,4,Average product. Could be better.,2024-07-04
412,24,5,Not satisfied with the quality.,2024-02-14
89,139,4,Excellent product. Highly recommended.,2023-09-08
280,111,3,Excellent product. Highly recommended.,2024-11-25
451,270,4,Very good quality and worth the price.,2025-02-10
208,279,1,Very good quality and worth the price.,2024-12-03
17,257,3,Average product. Could be better.,2023-02-16
132,186,3,Average product. Could be better.,2024-12-02
63,166,5,Not satisfied with the quality.,2025-02-07
451,203,5,Good product but delivery was delayed.,2023-08-15
455,160,4,Exceeded my expectations.,2023-05-29
407,94,4,Exceeded my expectations.,2025-04-25
63,238,5,Very good quality and worth the price.,2023-09-30
185,57,5,Average product. Could be better.,2024-04-24
402,92,4,Good product but delivery was delayed.,2024-10-09
231,47,3,Good product but delivery was delayed.,2024-07-25
482,231,4,Value for money.,2023-03-13
348,115,4,Value for money.,2023-07-15
243,205,5,Average product. Could be better.,2024-09-11
220,183,2,Fast delivery and nice packaging.,2023-02-04
359,69,3,Good product but delivery was delayed.,2023-08-13
111,93,5,Excellent product. Highly recommended.,2023-05-20
117,33,2,Value for money.,2024-01-07
219,27,5,Excellent product. Highly recommended.,2025-05-24
91,71,5,Will definitely buy again.,2025-04-03
440,280,5,Amazing performance and easy to use.,2024-09-27
37,77,2,Good product but delivery was delayed.,2023-07-22
233,298,2,Excellent product. Highly recommended.,2023-04-30
335,190,2,Fast delivery and nice packaging.,2024-04-09
293,294,5,Not satisfied with the quality.,2023-10-21
357,196,5,Good product but delivery was delayed.,2023-06-06
174,145,4,Good product but delivery was delayed.,2025-02-18
131,292,1,Will definitely buy again.,2023-03-21
199,192,5,Not satisfied with the quality.,2023-06-14
253,277,5,Not satisfied with the quality.,2023-07-26
440,239,5,Value for money.,2025-03-17
241,221,5,Value for money.,2023-07-16
19,247,1,Good product but delivery was delayed.,2024-03-06
17,71,3,Value for money.,2023-04-15
95,245,5,Not satisfied with the quality.,2024-12-24
333,108,1,Excellent product. Highly recommended.,2024-04-10
498,126,5,Good product but delivery was delayed.,2024-10-01
79,186,4,Very good quality and worth the price.,2024-01-25
117,116,3,Good product but delivery was delayed.,2024-04-18
280,98,5,Not satisfied with the quality.,2024-04-12
305,45,5,Very good quality and worth the price.,2024-06-01
57,226,4,Amazing performance and easy to use.,2023-09-22
322,278,4,Very good quality and worth the price.,2023-10-13
258,177,5,Exceeded my expectations.,2023-09-27
388,162,4,Average product. Could be better.,2024-02-14
487,239,3,Exceeded my expectations.,2023-10-05
113,41,4,Fast delivery and nice packaging.,2023-03-22
78,293,4,Very good quality and worth the price.,2024-06-08
198,127,5,Good product but delivery was delayed.,2024-08-14
197,63,5,Fast delivery and nice packaging.,2023-07-22
222,243,5,Excellent product. Highly recommended.,2024-07-27
463,56,5,Good product but delivery was delayed.,2023-06-13
99,6,3,Exceeded my expectations.,2023-07-08
370,37,5,Fast delivery and nice packaging.,2024-06-03
63,197,4,Very good quality and worth the price.,2024-07-30
111,260,5,Will definitely buy again.,2023-07-11
57,93,1,Good product but delivery was delayed.,2025-05-20
303,25,4,Excellent product. Highly recommended.,2024-03-31
13,7,4,Fast delivery and nice packaging.,2024-08-02
363,14,3,Value for money.,2023-05-13
474,38,5,Will definitely buy again.,2024-10-13
61,171,3,Excellent product. Highly recommended.,2025-02-12
60,278,2,Good product but delivery was delayed.,2024-09-06
176,154,4,Will definitely buy again.,2024-12-08
112,71,4,Value for money.,2025-03-04
357,243,5,Fast delivery and nice packaging.,2025-01-08
77,133,5,Very good quality and worth the price.,2023-10-31
425,115,1,Amazing performance and easy to use.,2024-01-10
392,80,4,Not satisfied with the quality.,2024-12-08
144,53,1,Value for money.,2023-03-20
197,129,3,Value for money.,2025-01-29
84,33,4,Exceeded my expectations.,2024-12-16
407,243,4,Will definitely buy again.,2024-06-07
427,248,4,Exceeded my expectations.,2025-05-21
142,258,5,Value for money.,2024-10-15
243,3,4,Value for money.,2024-05-20
340,136,5,Not satisfied with the quality.,2025-04-05
122,161,3,Fast delivery and nice packaging.,2024-10-21
427,214,5,Will definitely buy again.,2025-04-29
454,126,3,Not satisfied with the quality.,2024-12-19
88,299,2,Excellent product. Highly recommended.,2023-10-30
59,112,3,Excellent product. Highly recommended.,2024-08-03
114,1,5,Excellent product. Highly recommended.,2023-10-16
467,3,4,Average product. Could be better.,2024-11-15
261,127,5,Average product. Could be better.,2023-03-17
443,274,4,Exceeded my expectations.,2023-08-31
498,140,5,Excellent product. Highly recommended.,2025-01-31
31,63,3,Value for money.,2023-10-14
34,255,4,Good product but delivery was delayed.,2023-08-18
75,185,5,Average product. Could be better.,2023-05-08
379,232,2,Value for money.,2023-08-04
420,147,4,Fast delivery and nice packaging.,2023-01-30
171,161,5,Very good quality and worth the price.,2023-06-21
140,165,4,Amazing performance and easy to use.,2023-11-15
243,143,1,Value for money.,2023-03-30
130,220,4,Good product but delivery was delayed.,2023-09-14
153,78,5,Not satisfied with the quality.,2024-10-18
290,14,5,Good product but delivery was delayed.,2025-05-10
407,105,4,Fast delivery and nice packaging.,2023-11-11
229,291,2,Average product. Could be better.,2025-05-07
360,60,4,Good product but delivery was delayed.,2025-03-13
400,78,4,Excellent product. Highly recommended.,2025-02-07
154,268,5,Exceeded my expectations.,2023-12-22
197,61,4,Excellent product. Highly recommended.,2023-09-17
83,85,3,Will definitely buy again.,2023-11-05
159,135,5,Fast delivery and nice packaging.,2023-10-02
440,8,5,Fast delivery and nice packaging.,2024-06-13
91,278,4,Will definitely buy again.,2023-02-06
64,105,5,Good product but delivery was delayed.,2024-12-04
164,181,5,Not satisfied with the quality.,2023-01-11
52,44,3,Value for money.,2023-04-28
9,4,3,Will definitely buy again.,2024-06-30
327,207,3,Very good quality and worth the price.,2025-05-19
236,132,2,Will definitely buy again.,2023-11-15
385,107,3,Exceeded my expectations.,2023-06-28
251,214,5,Will definitely buy again.,2023-04-10
195,59,2,Exceeded my expectations.,2024-11-02
64,255,2,Very good quality and worth the price.,2023-05-21
139,114,5,Not satisfied with the quality.,2023-06-06
239,72,1,Good product but delivery was delayed.,2025-01-10
392,130,3,Excellent product. Highly recommended.,2023-12-05
480,145,5,Good product but delivery was delayed.,2024-12-26
331,226,5,Value for money.,2024-11-12
417,142,1,Very good quality and worth the price.,2025-01-16
283,56,3,Amazing performance and easy to use.,2024-05-20
270,266,1,Very good quality and worth the price.,2024-01-03
292,278,5,Will definitely buy again.,2025-02-11
421,197,5,Fast delivery and nice packaging.,2024-03-14
479,238,3,Will definitely buy again.,2024-04-29
202,186,2,Very good quality and worth the price.,2023-04-03
136,192,4,Excellent product. Highly recommended.,2023-03-06
242,73,3,Very good quality and worth the price.,2023-12-19
217,90,2,Good product but delivery was delayed.,2024-02-05
346,234,5,Value for money.,2023-06-01
151,194,2,Good product but delivery was delayed.,2023-10-21
108,225,3,Fast delivery and nice packaging.,2023-08-16
412,36,4,Fast delivery and nice packaging.,2023-06-28
101,38,3,Not satisfied with the quality.,2023-07-13
426,176,2,Value for money.,2023-11-16
6,94,3,Value for money.,2024-09-26
339,152,3,Not satisfied with the quality.,2023-10-13
315,164,4,Fast delivery and nice packaging.,2025-06-02
7,154,4,Not satisfied with the quality.,2023-08-14
385,50,2,Very good quality and worth the price.,2024-12-08
135,194,5,Amazing performance and easy to use.,2023-03-31
280,116,4,Fast delivery and nice packaging.,2024-11-03
359,49,5,Average product. Could be better.,2024-03-23
271,119,4,Fast delivery and nice packaging.,2024-05-07
232,223,2,Value for money.,2023-02-19
69,131,5,Not satisfied with the quality.,2023-10-09
114,235,4,Excellent product. Highly recommended.,2024-07-30
43,156,4,Exceeded my expectations.,2024-02-20
253,165,2,Exceeded my expectations.,2023-03-06
208,101,4,Will definitely buy again.,2023-11-27
69,226,4,Exceeded my expectations.,2024-08-27
268,95,4,Will definitely buy again.,2024-09-05
74,288,3,Average product. Could be better.,2024-10-02
174,198,3,Amazing performance and easy to use.,2023-09-04
424,257,2,Excellent product. Highly recommended.,2023-10-13
394,141,3,Not satisfied with the quality.,2025-02-16
496,267,3,Not satisfied with the quality.,2023-04-21
480,7,2,Excellent product. Highly recommended.,2024-06-08
70,37,3,Good product but delivery was delayed.,2024-11-05
98,82,4,Very good quality and worth the price.,2023-06-26
415,46,4,Average product. Could be better.,2025-03-20
442,90,4,Amazing performance and easy to use.,2023-12-20
148,14,3,Excellent product. Highly recommended.,2023-05-05
108,4,5,Good product but delivery was delayed.,2023-03-03
29,295,5,Exceeded my expectations.,2024-03-31
5,286,5,Value for money.,2025-06-15
112,233,4,Exceeded my expectations.,2023-10-18
470,82,4,Amazing performance and easy to use.,2024-08-26
267,140,4,Exceeded my expectations.,2023-01-12
67,1,4,Value for money.,2024-02-23
55,190,5,Amazing performance and easy to use.,2025-03-02
167,250,3,Exceeded my expectations.,2024-05-05
235,182,4,Fast delivery and nice packaging.,2023-06-17
495,215,5,Excellent product. Highly recommended.,2024-06-20
327,62,3,Will definitely buy again.,2023-04-07
273,231,5,Good product but delivery was delayed.,2025-05-06
196,194,2,Not satisfied with the quality.,2025-04-16
175,167,2,Amazing performance and easy to use.,2023-09-12
197,114,5,Exceeded my expectations.,2024-06-04
432,272,3,Exceeded my expectations.,2024-04-12
383,159,1,Amazing performance and easy to use.,2023-04-09
196,74,3,Not satisfied with the quality.,2023-03-04
276,84,4,Value for money.,2025-04-04
182,60,4,Average product. Could be better.,2025-02-11
461,287,5,Amazing performance and easy to use.,2023-07-20
236,264,4,Exceeded my expectations.,2023-05-18
144,62,3,Not satisfied with the quality.,2023-04-08
361,35,5,Fast delivery and nice packaging.,2023-01-28
139,190,5,Excellent product. Highly recommended.,2024-02-20
449,91,5,Fast delivery and nice packaging.,2023-07-07
298,189,4,Will definitely buy again.,2024-02-29
442,182,2,Average product. Could be better.,2024-06-11
319,263,4,Value for money.,2023-05-16
207,28,3,Value for money.,2023-12-06
129,130,4,Very good quality and worth the price.,2025-05-23
129,146,3,Amazing performance and easy to use.,2023-09-24
92,147,5,Exceeded my expectations.,2023-08-29
136,98,5,Not satisfied with the quality.,2024-12-31
449,153,3,Average product. Could be better.,2023-11-29
158,55,5,Will definitely buy again.,2023-10-15
117,200,4,Not satisfied with the quality.,2024-11-07
493,217,5,Exceeded my expectations.,2024-06-01
25,17,5,Not satisfied with the quality.,2025-05-10
451,112,5,Very good quality and worth the price.,2025-01-28
358,64,4,Exceeded my expectations.,2023-01-20
428,84,4,Will definitely buy again.,2023-06-06
47,138,2,Exceeded my expectations.,2024-06-30
285,158,3,Will definitely buy again.,2025-04-19
442,14,3,Value for money.,2023-03-12
3,290,4,Exceeded my expectations.,2025-06-17
185,206,3,Will definitely buy again.,2024-09-28
94,293,3,Excellent product. Highly recommended.,2023-10-05
42,141,4,Very good quality and worth the price.,2025-06-01
16,78,3,Excellent product. Highly recommended.,2023-05-21
60,104,5,Good product but delivery was delayed.,2023-08-03
10,111,4,Average product. Could be better.,2023-09-06
472,161,2,Excellent product. Highly recommended.,2024-07-22
427,124,1,Good product but delivery was delayed.,2025-01-12
497,25,2,Very good quality and worth the price.,2023-10-27
232,271,2,Value for money.,2023-03-24
444,187,5,Fast delivery and nice packaging.,2024-04-18
404,286,2,Amazing performance and easy to use.,2024-12-18
97,74,4,Exceeded my expectations.,2023-01-03
217,165,4,Average product. Could be better.,2023-03-27
265,31,2,Fast delivery and nice packaging.,2024-11-10
88,118,4,Will definitely buy again.,2023-10-01
34,75,1,Not satisfied with the quality.,2023-09-03
487,24,5,Not satisfied with the quality.,2025-04-14
77,136,5,Excellent product. Highly recommended.,2023-08-25
428,43,4,Value for money.,2024-02-28
418,239,5,Not satisfied with the quality.,2024-11-10
143,235,5,Amazing performance and easy to use.,2024-07-02
320,114,4,Value for money.,2023-06-08
278,77,4,Exceeded my expectations.,2024-12-20
164,58,3,Very good quality and worth the price.,2023-04-14
282,30,5,Exceeded my expectations.,2023-06-05
140,143,2,Exceeded my expectations.,2023-12-19
76,7,3,Very good quality and worth the price.,2023-12-14
361,267,3,Excellent product. Highly recommended.,2025-03-23
17,213,1,Not satisfied with the quality.,2025-02-24
199,270,4,Not satisfied with the quality.,2023-12-27
275,12,3,Value for money.,2023-03-30
136,22,3,Excellent product. Highly recommended.,2023-05-12
306,250,2,Exceeded my expectations.,2024-10-18
430,180,1,Will definitely buy again.,2024-06-04
42,74,3,Exceeded my expectations.,2024-10-26
40,251,2,Fast delivery and nice packaging.,2024-01-12
282,181,5,Average product. Could be better.,2025-01-02
272,204,4,Amazing performance and easy to use.,2023-09-15
381,41,1,Value for money.,2024-11-16
350,167,3,Fast delivery and nice packaging.,2023-07-22
144,173,4,Exceeded my expectations.,2023-12-26
86,147,4,Average product. Could be better.,2024-10-22
200,47,3,Value for money.,2023-01-29
388,120,2,Average product. Could be better.,2024-02-10
201,165,5,Will definitely buy again.,2024-12-27
405,207,3,Excellent product. Highly recommended.,2024-08-29
391,91,1,Very good quality and worth the price.,2023-11-08
151,257,5,Exceeded my expectations.,2025-02-24
412,64,5,Very good quality and worth the price.,2024-10-15
180,213,4,Value for money.,2025-01-03
474,188,1,Good product but delivery was delayed.,2023-05-13
288,111,2,Excellent product. Highly recommended.,2025-02-07
99,137,1,Fast delivery and nice packaging.,2023-05-22
344,227,1,Fast delivery and nice packaging.,2023-01-18
160,249,5,Very good quality and worth the price.,2024-03-14
296,49,4,Value for money.,2024-06-01
335,210,4,Value for money.,2024-08-10
61,9,3,Average product. Could be better.,2025-02-03
433,209,5,Amazing performance and easy to use.,2023-08-14
450,180,5,Fast delivery and nice packaging.,2024-09-23
143,129,4,Amazing performance and easy to use.,2023-03-26
381,74,4,Exceeded my expectations.,2023-12-21
416,9,3,Amazing performance and easy to use.,2023-04-01
500,90,3,Amazing performance and easy to use.,2025-02-11
141,290,4,Average product. Could be better.,2024-08-26
267,79,2,Average product. Could be better.,2023-01-08
244,56,3,Average product. Could be better.,2024-05-29
59,119,4,Excellent product. Highly recommended.,2024-12-03
483,50,5,Good product but delivery was delayed.,2023-02-21
446,8,5,Excellent product. Highly recommended.,2025-05-15
175,155,5,Amazing performance and easy to use.,2023-07-03
395,107,2,Average product. Could be better.,2023-10-01
375,84,3,Amazing performance and easy to use.,2023-03-25
413,45,5,Will definitely buy again.,2025-04-04
90,136,5,Amazing performance and easy to use.,2024-06-03
434,175,2,Very good quality and worth the price.,2023-01-30
413,60,5,Value for money.,2023-12-17
371,286,2,Average product. Could be better.,2023-02-25
65,295,4,Very good quality and worth the price.,2023-12-30
420,189,5,Fast delivery and nice packaging.,2025-05-15
106,93,5,Good product but delivery was delayed.,2025-04-29
197,276,4,Very good quality and worth the price.,2024-07-12
463,259,4,Very good quality and worth the price.,2024-10-25
202,281,5,Not satisfied with the quality.,2025-03-22
497,175,3,Value for money.,2023-05-31
272,218,5,Average product. Could be better.,2023-09-06
89,88,5,Average product. Could be better.,2024-01-02
490,174,5,Not satisfied with the quality.,2024-07-23
38,59,4,Amazing performance and easy to use.,2024-10-02
56,185,3,Will definitely buy again.,2024-07-02
150,183,5,Amazing performance and easy to use.,2024-07-15
400,224,3,Not satisfied with the quality.,2023-03-27
212,187,3,Fast delivery and nice packaging.,2023-02-01
258,127,2,Excellent product. Highly recommended.,2023-05-02
60,135,5,Amazing performance and easy to use.,2023-12-14
226,148,3,Excellent product. Highly recommended.,2023-07-21
394,150,4,Good product but delivery was delayed.,2025-05-14
195,255,2,Value for money.,2023-03-20
256,4,1,Exceeded my expectations.,2023-02-15
231,275,5,Average product. Could be better.,2024-08-31
383,96,2,Not satisfied with the quality.,2023-05-26
18,178,4,Fast delivery and nice packaging.,2024-11-13
387,53,3,Exceeded my expectations.,2024-04-13
323,269,2,Will definitely buy again.,2023-11-16
167,59,3,Will definitely buy again.,2025-06-01
484,146,3,Amazing performance and easy to use.,2024-06-18
296,80,5,Amazing performance and easy to use.,2025-03-21
240,299,3,Good product but delivery was delayed.,2023-07-11
439,59,5,Fast delivery and nice packaging.,2024-03-12
152,54,5,Not satisfied with the quality.,2024-04-12
20,54,4,Good product but delivery was delayed.,2025-04-30
36,182,5,Very good quality and worth the price.,2023-02-11
38,165,4,Average product. Could be better.,2024-12-01
207,257,4,Amazing performance and easy to use.,2023-04-26
107,55,3,Excellent product. Highly recommended.,2025-01-31
358,195,3,Will definitely buy again.,2025-03-08
252,257,4,Excellent product. Highly recommended.,2024-07-22
6,256,5,Value for money.,2024-11-07
286,279,1,Very good quality and worth the price.,2024-11-10
8,254,3,Very good quality and worth the price.,2024-10-18
356,103,4,Very good quality and worth the price.,2024-03-04
23,201,3,Good product but delivery was delayed.,2024-01-30
417,145,4,Good product but delivery was delayed.,2024-04-10
201,37,4,Not satisfied with the quality.,2025-03-03
401,167,3,Value for money.,2024-03-18
480,48,5,Will definitely buy again.,2024-07-15
300,120,5,Very good quality and worth the price.,2023-08-22
468,19,3,Very good quality and worth the price.,2025-05-06
193,31,3,Will definitely buy again.,2024-02-19
494,224,3,Amazing performance and easy to use.,2023-04-30
272,8,5,Amazing performance and easy to use.,2024-03-25
248,60,1,Will definitely buy again.,2023-03-18
225,186,4,Average product. Could be better.,2024-08-25
450,114,5,Good product but delivery was delayed.,2023-04-12
350,196,5,Fast delivery and nice packaging.,2023-07-15
119,48,1,Fast delivery and nice packaging.,2023-12-15
450,267,4,Value for money.,2023-08-04
423,119,4,Average product. Could be better.,2024-12-24
96,244,2,Not satisfied with the quality.,2023-02-23
279,238,4,Will definitely buy again.,2025-03-18
180,223,5,Very good quality and worth the price.,2024-04-30
259,153,5,Excellent product. Highly recommended.,2023-03-24
34,103,4,Excellent product. Highly recommended.,2024-01-25
298,148,5,Very good quality and worth the price.,2023-10-28
121,159,4,Amazing performance and easy to use.,2024-01-19
162,181,4,Exceeded my expectations.,2023-07-23
262,219,4,Average product. Could be better.,2023-09-01
124,218,4,Excellent product. Highly recommended.,2023-08-09
461,178,3,Exceeded my expectations.,2024-08-26
304,250,4,Will definitely buy again.,2023-11-04
363,174,5,Average product. Could be better.,2023-04-02
461,267,2,Excellent product. Highly recommended.,2023-06-11
225,55,5,Fast delivery and nice packaging.,2023-05-17
254,11,3,Will definitely buy again.,2025-03-07
369,259,3,Amazing performance and easy to use.,2024-02-09
492,16,3,Will definitely buy again.,2023-06-09
120,2,2,Excellent product. Highly recommended.,2023-05-22
328,156,2,Amazing performance and easy to use.,2023-07-20
276,286,4,Fast delivery and nice packaging.,2023-03-31
210,183,5,Average product. Could be better.,2023-03-17
193,231,3,Average product. Could be better.,2023-04-01
374,279,5,Not satisfied with the quality.,2024-04-25
124,206,5,Not satisfied with the quality.,2024-02-05
271,172,5,Value for money.,2024-05-30
267,249,5,Amazing performance and easy to use.,2023-03-31
376,119,5,Average product. Could be better.,2024-08-26
11,57,2,Good product but delivery was delayed.,2024-12-04
374,211,2,Average product. Could be better.,2023-06-09
390,179,2,Exceeded my expectations.,2023-01-18
465,282,4,Will definitely buy again.,2023-07-26
70,137,3,Amazing performance and easy to use.,2024-05-27
248,212,5,Exceeded my expectations.,2023-03-12
175,101,4,Exceeded my expectations.,2024-09-29
225,264,3,Excellent product. Highly recommended.,2024-10-16
288,275,2,Fast delivery and nice packaging.,2024-06-12
425,193,1,Average product. Could be better.,2025-03-08
214,295,4,Will definitely buy again.,2024-04-29
228,146,5,Good product but delivery was delayed.,2023-10-31
127,277,3,Very good quality and worth the price.,2023-07-11
469,288,3,Value for money.,2023-09-21
150,19,5,Not satisfied with the quality.,2023-07-01
231,225,5,Will definitely buy again.,2024-07-06
300,66,2,Fast delivery and nice packaging.,2023-11-16
295,102,4,Will definitely buy again.,2023-10-25
110,234,4,Not satisfied with the quality.,2025-02-13
135,102,4,Good product but delivery was delayed.,2024-06-19
72,267,5,Amazing performance and easy to use.,2024-09-09
336,29,3,Fast delivery and nice packaging.,2025-04-11
102,82,4,Excellent product. Highly recommended.,2024-07-26
161,297,5,Fast delivery and nice packaging.,2025-02-08
271,284,5,Average product. Could be better.,2024-09-01
377,16,3,Average product. Could be better.,2023-02-22
273,78,5,Not satisfied with the quality.,2023-05-02
444,69,4,Average product. Could be better.,2024-10-18
385,117,5,Amazing performance and easy to use.,2024-02-15
157,251,3,Value for money.,2023-02-17
261,108,5,Good product but delivery was delayed.,2025-05-03
214,219,3,Will definitely buy again.,2024-12-20
424,294,4,Amazing performance and easy to use.,2024-05-15
323,128,5,Not satisfied with the quality.,2025-06-14
362,289,4,Exceeded my expectations.,2024-05-26
42,242,2,Will definitely buy again.,2023-11-19
206,244,2,Excellent product. Highly recommended.,2025-03-21
283,172,4,Will definitely buy again.,2023-02-13
64,137,4,Will definitely buy again.,2025-05-08
108,293,1,Value for money.,2025-04-23
58,110,5,Exceeded my expectations.,2025-01-08
241,81,4,Average product. Could be better.,2025-02-09
457,99,3,Not satisfied with the quality.,2024-10-11
381,299,4,Not satisfied with the quality.,2023-04-10
7,13,5,Amazing performance and easy to use.,2024-01-06
305,253,5,Value for money.,2023-04-03
429,292,5,Not satisfied with the quality.,2024-07-26
365,253,4,Exceeded my expectations.,2025-03-06
200,140,2,Exceeded my expectations.,2023-04-17
392,298,2,Not satisfied with the quality.,2025-02-10
23,165,5,Very good quality and worth the price.,2023-01-17
469,111,4,Not satisfied with the quality.,2024-08-30
406,192,2,Fast delivery and nice packaging.,2023-05-31
177,165,4,Very good quality and worth the price.,2024-12-27
345,134,5,Fast delivery and nice packaging.,2024-03-17
227,237,1,Amazing performance and easy to use.,2024-06-27
154,154,4,Good product but delivery was delayed.,2023-07-03
401,4,4,Average product. Could be better.,2024-07-10
324,225,5,Good product but delivery was delayed.,2024-10-11
349,255,5,Value for money.,2025-05-15
315,83,5,Good product but delivery was delayed.,2024-08-24
149,224,5,Value for money.,2023-06-21
228,197,4,Average product. Could be better.,2024-09-21
116,183,5,Very good quality and worth the price.,2025-02-11
367,11,5,Very good quality and worth the price.,2023-10-09
468,17,4,Excellent product. Highly recommended.,2025-01-16
299,22,4,Excellent product. Highly recommended.,2023-01-16
462,175,2,Exceeded my expectations.,2025-01-22
